"bulk_density","velocity:0","velocity:1","velocity:2","u_f:0","u_f:1","u_f:2","p_f","p_c","p","T","porosity","peridotite","density","viscosity","thermal_expansivity","porosity_change","peridotite_change","nonadiabatic_temperature","nonadiabatic_pressure","melt_density","permeability","melt_viscosity","compaction_viscosity","melt_fraction","vtkValidPointMask","arc_length","Points:0","Points:1","Points:2"
nan,nan,nan,nan,nan,nan,nan,nan,nan,nan,nan,nan,nan,nan,nan,nan,nan,nan,nan,nan,nan,nan,nan,nan,nan,0,0,0,0,0
nan,nan,nan,nan,nan,nan,nan,nan,nan,nan,nan,nan,nan,nan,nan,nan,nan,nan,nan,nan,nan,nan,nan,nan,nan,0,600,0,600,0
nan,nan,nan,nan,nan,nan,nan,nan,nan,nan,nan,nan,nan,nan,nan,nan,nan,nan,nan,nan,nan,nan,nan,nan,nan,0,1200,0,1200,0
nan,nan,nan,nan,nan,nan,nan,nan,nan,nan,nan,nan,nan,nan,nan,nan,nan,nan,nan,nan,nan,nan,nan,nan,nan,0,1800,0,1800,0
nan,nan,nan,nan,nan,nan,nan,nan,nan,nan,nan,nan,nan,nan,nan,nan,nan,nan,nan,nan,nan,nan,nan,nan,nan,0,2400,0,2400,0
nan,nan,nan,nan,nan,nan,nan,nan,nan,nan,nan,nan,nan,nan,nan,nan,nan,nan,nan,nan,nan,nan,nan,nan,nan,0,3000,0,3000,0
nan,nan,nan,nan,nan,nan,nan,nan,nan,nan,nan,nan,nan,nan,nan,nan,nan,nan,nan,nan,nan,nan,nan,nan,nan,0,3600,0,3600,0
nan,nan,nan,nan,nan,nan,nan,nan,nan,nan,nan,nan,nan,nan,nan,nan,nan,nan,nan,nan,nan,nan,nan,nan,nan,0,4200,0,4200,0
nan,nan,nan,nan,nan,nan,nan,nan,nan,nan,nan,nan,nan,nan,nan,nan,nan,nan,nan,nan,nan,nan,nan,nan,nan,0,4800,0,4800,0
nan,nan,nan,nan,nan,nan,nan,nan,nan,nan,nan,nan,nan,nan,nan,nan,nan,nan,nan,nan,nan,nan,nan,nan,nan,0,5400,0,5400,0
nan,nan,nan,nan,nan,nan,nan,nan,nan,nan,nan,nan,nan,nan,nan,nan,nan,nan,nan,nan,nan,nan,nan,nan,nan,0,6000,0,6000,0
nan,nan,nan,nan,nan,nan,nan,nan,nan,nan,nan,nan,nan,nan,nan,nan,nan,nan,nan,nan,nan,nan,nan,nan,nan,0,6600,0,6600,0
nan,nan,nan,nan,nan,nan,nan,nan,nan,nan,nan,nan,nan,nan,nan,nan,nan,nan,nan,nan,nan,nan,nan,nan,nan,0,7200,0,7200,0
nan,nan,nan,nan,nan,nan,nan,nan,nan,nan,nan,nan,nan,nan,nan,nan,nan,nan,nan,nan,nan,nan,nan,nan,nan,0,7800,0,7800,0
nan,nan,nan,nan,nan,nan,nan,nan,nan,nan,nan,nan,nan,nan,nan,nan,nan,nan,nan,nan,nan,nan,nan,nan,nan,0,8400,0,8400,0
nan,nan,nan,nan,nan,nan,nan,nan,nan,nan,nan,nan,nan,nan,nan,nan,nan,nan,nan,nan,nan,nan,nan,nan,nan,0,9000,0,9000,0
nan,nan,nan,nan,nan,nan,nan,nan,nan,nan,nan,nan,nan,nan,nan,nan,nan,nan,nan,nan,nan,nan,nan,nan,nan,0,9600,0,9600,0
nan,nan,nan,nan,nan,nan,nan,nan,nan,nan,nan,nan,nan,nan,nan,nan,nan,nan,nan,nan,nan,nan,nan,nan,nan,0,10200,0,10200,0
nan,nan,nan,nan,nan,nan,nan,nan,nan,nan,nan,nan,nan,nan,nan,nan,nan,nan,nan,nan,nan,nan,nan,nan,nan,0,10800,0,10800,0
nan,nan,nan,nan,nan,nan,nan,nan,nan,nan,nan,nan,nan,nan,nan,nan,nan,nan,nan,nan,nan,nan,nan,nan,nan,0,11400,0,11400,0
nan,nan,nan,nan,nan,nan,nan,nan,nan,nan,nan,nan,nan,nan,nan,nan,nan,nan,nan,nan,nan,nan,nan,nan,nan,0,12000,0,12000,0
nan,nan,nan,nan,nan,nan,nan,nan,nan,nan,nan,nan,nan,nan,nan,nan,nan,nan,nan,nan,nan,nan,nan,nan,nan,0,12600,0,12600,0
nan,nan,nan,nan,nan,nan,nan,nan,nan,nan,nan,nan,nan,nan,nan,nan,nan,nan,nan,nan,nan,nan,nan,nan,nan,0,13200,0,13200,0
nan,nan,nan,nan,nan,nan,nan,nan,nan,nan,nan,nan,nan,nan,nan,nan,nan,nan,nan,nan,nan,nan,nan,nan,nan,0,13800,0,13800,0
nan,nan,nan,nan,nan,nan,nan,nan,nan,nan,nan,nan,nan,nan,nan,nan,nan,nan,nan,nan,nan,nan,nan,nan,nan,0,14400,0,14400,0
nan,nan,nan,nan,nan,nan,nan,nan,nan,nan,nan,nan,nan,nan,nan,nan,nan,nan,nan,nan,nan,nan,nan,nan,nan,0,15000,0,15000,0
nan,nan,nan,nan,nan,nan,nan,nan,nan,nan,nan,nan,nan,nan,nan,nan,nan,nan,nan,nan,nan,nan,nan,nan,nan,0,15600,0,15600,0
nan,nan,nan,nan,nan,nan,nan,nan,nan,nan,nan,nan,nan,nan,nan,nan,nan,nan,nan,nan,nan,nan,nan,nan,nan,0,16200,0,16200,0
nan,nan,nan,nan,nan,nan,nan,nan,nan,nan,nan,nan,nan,nan,nan,nan,nan,nan,nan,nan,nan,nan,nan,nan,nan,0,16800,0,16800,0
nan,nan,nan,nan,nan,nan,nan,nan,nan,nan,nan,nan,nan,nan,nan,nan,nan,nan,nan,nan,nan,nan,nan,nan,nan,0,17400,0,17400,0
nan,nan,nan,nan,nan,nan,nan,nan,nan,nan,nan,nan,nan,nan,nan,nan,nan,nan,nan,nan,nan,nan,nan,nan,nan,0,18000,0,18000,0
nan,nan,nan,nan,nan,nan,nan,nan,nan,nan,nan,nan,nan,nan,nan,nan,nan,nan,nan,nan,nan,nan,nan,nan,nan,0,18600,0,18600,0
nan,nan,nan,nan,nan,nan,nan,nan,nan,nan,nan,nan,nan,nan,nan,nan,nan,nan,nan,nan,nan,nan,nan,nan,nan,0,19200,0,19200,0
nan,nan,nan,nan,nan,nan,nan,nan,nan,nan,nan,nan,nan,nan,nan,nan,nan,nan,nan,nan,nan,nan,nan,nan,nan,0,19800,0,19800,0
nan,nan,nan,nan,nan,nan,nan,nan,nan,nan,nan,nan,nan,nan,nan,nan,nan,nan,nan,nan,nan,nan,nan,nan,nan,0,20400,0,20400,0
nan,nan,nan,nan,nan,nan,nan,nan,nan,nan,nan,nan,nan,nan,nan,nan,nan,nan,nan,nan,nan,nan,nan,nan,nan,0,21000,0,21000,0
nan,nan,nan,nan,nan,nan,nan,nan,nan,nan,nan,nan,nan,nan,nan,nan,nan,nan,nan,nan,nan,nan,nan,nan,nan,0,21600,0,21600,0
nan,nan,nan,nan,nan,nan,nan,nan,nan,nan,nan,nan,nan,nan,nan,nan,nan,nan,nan,nan,nan,nan,nan,nan,nan,0,22200,0,22200,0
nan,nan,nan,nan,nan,nan,nan,nan,nan,nan,nan,nan,nan,nan,nan,nan,nan,nan,nan,nan,nan,nan,nan,nan,nan,0,22800,0,22800,0
nan,nan,nan,nan,nan,nan,nan,nan,nan,nan,nan,nan,nan,nan,nan,nan,nan,nan,nan,nan,nan,nan,nan,nan,nan,0,23400,0,23400,0
nan,nan,nan,nan,nan,nan,nan,nan,nan,nan,nan,nan,nan,nan,nan,nan,nan,nan,nan,nan,nan,nan,nan,nan,nan,0,24000,0,24000,0
nan,nan,nan,nan,nan,nan,nan,nan,nan,nan,nan,nan,nan,nan,nan,nan,nan,nan,nan,nan,nan,nan,nan,nan,nan,0,24600,0,24600,0
nan,nan,nan,nan,nan,nan,nan,nan,nan,nan,nan,nan,nan,nan,nan,nan,nan,nan,nan,nan,nan,nan,nan,nan,nan,0,25200,0,25200,0
nan,nan,nan,nan,nan,nan,nan,nan,nan,nan,nan,nan,nan,nan,nan,nan,nan,nan,nan,nan,nan,nan,nan,nan,nan,0,25800,0,25800,0
nan,nan,nan,nan,nan,nan,nan,nan,nan,nan,nan,nan,nan,nan,nan,nan,nan,nan,nan,nan,nan,nan,nan,nan,nan,0,26400,0,26400,0
nan,nan,nan,nan,nan,nan,nan,nan,nan,nan,nan,nan,nan,nan,nan,nan,nan,nan,nan,nan,nan,nan,nan,nan,nan,0,27000,0,27000,0
nan,nan,nan,nan,nan,nan,nan,nan,nan,nan,nan,nan,nan,nan,nan,nan,nan,nan,nan,nan,nan,nan,nan,nan,nan,0,27600,0,27600,0
nan,nan,nan,nan,nan,nan,nan,nan,nan,nan,nan,nan,nan,nan,nan,nan,nan,nan,nan,nan,nan,nan,nan,nan,nan,0,28200,0,28200,0
nan,nan,nan,nan,nan,nan,nan,nan,nan,nan,nan,nan,nan,nan,nan,nan,nan,nan,nan,nan,nan,nan,nan,nan,nan,0,28800,0,28800,0
nan,nan,nan,nan,nan,nan,nan,nan,nan,nan,nan,nan,nan,nan,nan,nan,nan,nan,nan,nan,nan,nan,nan,nan,nan,0,29400,0,29400,0
nan,nan,nan,nan,nan,nan,nan,nan,nan,nan,nan,nan,nan,nan,nan,nan,nan,nan,nan,nan,nan,nan,nan,nan,nan,0,30000,0,30000,0
nan,nan,nan,nan,nan,nan,nan,nan,nan,nan,nan,nan,nan,nan,nan,nan,nan,nan,nan,nan,nan,nan,nan,nan,nan,0,30600,0,30600,0
nan,nan,nan,nan,nan,nan,nan,nan,nan,nan,nan,nan,nan,nan,nan,nan,nan,nan,nan,nan,nan,nan,nan,nan,nan,0,31200,0,31200,0
nan,nan,nan,nan,nan,nan,nan,nan,nan,nan,nan,nan,nan,nan,nan,nan,nan,nan,nan,nan,nan,nan,nan,nan,nan,0,31800,0,31800,0
nan,nan,nan,nan,nan,nan,nan,nan,nan,nan,nan,nan,nan,nan,nan,nan,nan,nan,nan,nan,nan,nan,nan,nan,nan,0,32400,0,32400,0
nan,nan,nan,nan,nan,nan,nan,nan,nan,nan,nan,nan,nan,nan,nan,nan,nan,nan,nan,nan,nan,nan,nan,nan,nan,0,33000,0,33000,0
nan,nan,nan,nan,nan,nan,nan,nan,nan,nan,nan,nan,nan,nan,nan,nan,nan,nan,nan,nan,nan,nan,nan,nan,nan,0,33600,0,33600,0
nan,nan,nan,nan,nan,nan,nan,nan,nan,nan,nan,nan,nan,nan,nan,nan,nan,nan,nan,nan,nan,nan,nan,nan,nan,0,34200,0,34200,0
nan,nan,nan,nan,nan,nan,nan,nan,nan,nan,nan,nan,nan,nan,nan,nan,nan,nan,nan,nan,nan,nan,nan,nan,nan,0,34800,0,34800,0
nan,nan,nan,nan,nan,nan,nan,nan,nan,nan,nan,nan,nan,nan,nan,nan,nan,nan,nan,nan,nan,nan,nan,nan,nan,0,35400,0,35400,0
nan,nan,nan,nan,nan,nan,nan,nan,nan,nan,nan,nan,nan,nan,nan,nan,nan,nan,nan,nan,nan,nan,nan,nan,nan,0,36000,0,36000,0
nan,nan,nan,nan,nan,nan,nan,nan,nan,nan,nan,nan,nan,nan,nan,nan,nan,nan,nan,nan,nan,nan,nan,nan,nan,0,36600,0,36600,0
nan,nan,nan,nan,nan,nan,nan,nan,nan,nan,nan,nan,nan,nan,nan,nan,nan,nan,nan,nan,nan,nan,nan,nan,nan,0,37200,0,37200,0
nan,nan,nan,nan,nan,nan,nan,nan,nan,nan,nan,nan,nan,nan,nan,nan,nan,nan,nan,nan,nan,nan,nan,nan,nan,0,37800,0,37800,0
nan,nan,nan,nan,nan,nan,nan,nan,nan,nan,nan,nan,nan,nan,nan,nan,nan,nan,nan,nan,nan,nan,nan,nan,nan,0,38400,0,38400,0
nan,nan,nan,nan,nan,nan,nan,nan,nan,nan,nan,nan,nan,nan,nan,nan,nan,nan,nan,nan,nan,nan,nan,nan,nan,0,39000,0,39000,0
nan,nan,nan,nan,nan,nan,nan,nan,nan,nan,nan,nan,nan,nan,nan,nan,nan,nan,nan,nan,nan,nan,nan,nan,nan,0,39600,0,39600,0
nan,nan,nan,nan,nan,nan,nan,nan,nan,nan,nan,nan,nan,nan,nan,nan,nan,nan,nan,nan,nan,nan,nan,nan,nan,0,40200,0,40200,0
nan,nan,nan,nan,nan,nan,nan,nan,nan,nan,nan,nan,nan,nan,nan,nan,nan,nan,nan,nan,nan,nan,nan,nan,nan,0,40800,0,40800,0
nan,nan,nan,nan,nan,nan,nan,nan,nan,nan,nan,nan,nan,nan,nan,nan,nan,nan,nan,nan,nan,nan,nan,nan,nan,0,41400,0,41400,0
nan,nan,nan,nan,nan,nan,nan,nan,nan,nan,nan,nan,nan,nan,nan,nan,nan,nan,nan,nan,nan,nan,nan,nan,nan,0,42000,0,42000,0
nan,nan,nan,nan,nan,nan,nan,nan,nan,nan,nan,nan,nan,nan,nan,nan,nan,nan,nan,nan,nan,nan,nan,nan,nan,0,42600,0,42600,0
nan,nan,nan,nan,nan,nan,nan,nan,nan,nan,nan,nan,nan,nan,nan,nan,nan,nan,nan,nan,nan,nan,nan,nan,nan,0,43200,0,43200,0
nan,nan,nan,nan,nan,nan,nan,nan,nan,nan,nan,nan,nan,nan,nan,nan,nan,nan,nan,nan,nan,nan,nan,nan,nan,0,43800,0,43800,0
nan,nan,nan,nan,nan,nan,nan,nan,nan,nan,nan,nan,nan,nan,nan,nan,nan,nan,nan,nan,nan,nan,nan,nan,nan,0,44400,0,44400,0
nan,nan,nan,nan,nan,nan,nan,nan,nan,nan,nan,nan,nan,nan,nan,nan,nan,nan,nan,nan,nan,nan,nan,nan,nan,0,45000,0,45000,0
nan,nan,nan,nan,nan,nan,nan,nan,nan,nan,nan,nan,nan,nan,nan,nan,nan,nan,nan,nan,nan,nan,nan,nan,nan,0,45600,0,45600,0
nan,nan,nan,nan,nan,nan,nan,nan,nan,nan,nan,nan,nan,nan,nan,nan,nan,nan,nan,nan,nan,nan,nan,nan,nan,0,46200,0,46200,0
nan,nan,nan,nan,nan,nan,nan,nan,nan,nan,nan,nan,nan,nan,nan,nan,nan,nan,nan,nan,nan,nan,nan,nan,nan,0,46800,0,46800,0
nan,nan,nan,nan,nan,nan,nan,nan,nan,nan,nan,nan,nan,nan,nan,nan,nan,nan,nan,nan,nan,nan,nan,nan,nan,0,47400,0,47400,0
nan,nan,nan,nan,nan,nan,nan,nan,nan,nan,nan,nan,nan,nan,nan,nan,nan,nan,nan,nan,nan,nan,nan,nan,nan,0,48000,0,48000,0
nan,nan,nan,nan,nan,nan,nan,nan,nan,nan,nan,nan,nan,nan,nan,nan,nan,nan,nan,nan,nan,nan,nan,nan,nan,0,48600,0,48600,0
nan,nan,nan,nan,nan,nan,nan,nan,nan,nan,nan,nan,nan,nan,nan,nan,nan,nan,nan,nan,nan,nan,nan,nan,nan,0,49200,0,49200,0
nan,nan,nan,nan,nan,nan,nan,nan,nan,nan,nan,nan,nan,nan,nan,nan,nan,nan,nan,nan,nan,nan,nan,nan,nan,0,49800,0,49800,0
nan,nan,nan,nan,nan,nan,nan,nan,nan,nan,nan,nan,nan,nan,nan,nan,nan,nan,nan,nan,nan,nan,nan,nan,nan,0,50400,0,50400,0
nan,nan,nan,nan,nan,nan,nan,nan,nan,nan,nan,nan,nan,nan,nan,nan,nan,nan,nan,nan,nan,nan,nan,nan,nan,0,51000,0,51000,0
nan,nan,nan,nan,nan,nan,nan,nan,nan,nan,nan,nan,nan,nan,nan,nan,nan,nan,nan,nan,nan,nan,nan,nan,nan,0,51600,0,51600,0
nan,nan,nan,nan,nan,nan,nan,nan,nan,nan,nan,nan,nan,nan,nan,nan,nan,nan,nan,nan,nan,nan,nan,nan,nan,0,52200,0,52200,0
nan,nan,nan,nan,nan,nan,nan,nan,nan,nan,nan,nan,nan,nan,nan,nan,nan,nan,nan,nan,nan,nan,nan,nan,nan,0,52800,0,52800,0
nan,nan,nan,nan,nan,nan,nan,nan,nan,nan,nan,nan,nan,nan,nan,nan,nan,nan,nan,nan,nan,nan,nan,nan,nan,0,53400,0,53400,0
nan,nan,nan,nan,nan,nan,nan,nan,nan,nan,nan,nan,nan,nan,nan,nan,nan,nan,nan,nan,nan,nan,nan,nan,nan,0,54000,0,54000,0
nan,nan,nan,nan,nan,nan,nan,nan,nan,nan,nan,nan,nan,nan,nan,nan,nan,nan,nan,nan,nan,nan,nan,nan,nan,0,54600,0,54600,0
nan,nan,nan,nan,nan,nan,nan,nan,nan,nan,nan,nan,nan,nan,nan,nan,nan,nan,nan,nan,nan,nan,nan,nan,nan,0,55200,0,55200,0
nan,nan,nan,nan,nan,nan,nan,nan,nan,nan,nan,nan,nan,nan,nan,nan,nan,nan,nan,nan,nan,nan,nan,nan,nan,0,55800,0,55800,0
nan,nan,nan,nan,nan,nan,nan,nan,nan,nan,nan,nan,nan,nan,nan,nan,nan,nan,nan,nan,nan,nan,nan,nan,nan,0,56400,0,56400,0
nan,nan,nan,nan,nan,nan,nan,nan,nan,nan,nan,nan,nan,nan,nan,nan,nan,nan,nan,nan,nan,nan,nan,nan,nan,0,57000,0,57000,0
nan,nan,nan,nan,nan,nan,nan,nan,nan,nan,nan,nan,nan,nan,nan,nan,nan,nan,nan,nan,nan,nan,nan,nan,nan,0,57600,0,57600,0
nan,nan,nan,nan,nan,nan,nan,nan,nan,nan,nan,nan,nan,nan,nan,nan,nan,nan,nan,nan,nan,nan,nan,nan,nan,0,58200,0,58200,0
nan,nan,nan,nan,nan,nan,nan,nan,nan,nan,nan,nan,nan,nan,nan,nan,nan,nan,nan,nan,nan,nan,nan,nan,nan,0,58800,0,58800,0
nan,nan,nan,nan,nan,nan,nan,nan,nan,nan,nan,nan,nan,nan,nan,nan,nan,nan,nan,nan,nan,nan,nan,nan,nan,0,59400,0,59400,0
nan,nan,nan,nan,nan,nan,nan,nan,nan,nan,nan,nan,nan,nan,nan,nan,nan,nan,nan,nan,nan,nan,nan,nan,nan,0,60000,0,60000,0
nan,nan,nan,nan,nan,nan,nan,nan,nan,nan,nan,nan,nan,nan,nan,nan,nan,nan,nan,nan,nan,nan,nan,nan,nan,0,60600,0,60600,0
nan,nan,nan,nan,nan,nan,nan,nan,nan,nan,nan,nan,nan,nan,nan,nan,nan,nan,nan,nan,nan,nan,nan,nan,nan,0,61200,0,61200,0
nan,nan,nan,nan,nan,nan,nan,nan,nan,nan,nan,nan,nan,nan,nan,nan,nan,nan,nan,nan,nan,nan,nan,nan,nan,0,61800,0,61800,0
nan,nan,nan,nan,nan,nan,nan,nan,nan,nan,nan,nan,nan,nan,nan,nan,nan,nan,nan,nan,nan,nan,nan,nan,nan,0,62400,0,62400,0
nan,nan,nan,nan,nan,nan,nan,nan,nan,nan,nan,nan,nan,nan,nan,nan,nan,nan,nan,nan,nan,nan,nan,nan,nan,0,63000,0,63000,0
nan,nan,nan,nan,nan,nan,nan,nan,nan,nan,nan,nan,nan,nan,nan,nan,nan,nan,nan,nan,nan,nan,nan,nan,nan,0,63600,0,63600,0
nan,nan,nan,nan,nan,nan,nan,nan,nan,nan,nan,nan,nan,nan,nan,nan,nan,nan,nan,nan,nan,nan,nan,nan,nan,0,64200,0,64200,0
nan,nan,nan,nan,nan,nan,nan,nan,nan,nan,nan,nan,nan,nan,nan,nan,nan,nan,nan,nan,nan,nan,nan,nan,nan,0,64800,0,64800,0
nan,nan,nan,nan,nan,nan,nan,nan,nan,nan,nan,nan,nan,nan,nan,nan,nan,nan,nan,nan,nan,nan,nan,nan,nan,0,65400,0,65400,0
nan,nan,nan,nan,nan,nan,nan,nan,nan,nan,nan,nan,nan,nan,nan,nan,nan,nan,nan,nan,nan,nan,nan,nan,nan,0,66000,0,66000,0
nan,nan,nan,nan,nan,nan,nan,nan,nan,nan,nan,nan,nan,nan,nan,nan,nan,nan,nan,nan,nan,nan,nan,nan,nan,0,66600,0,66600,0
nan,nan,nan,nan,nan,nan,nan,nan,nan,nan,nan,nan,nan,nan,nan,nan,nan,nan,nan,nan,nan,nan,nan,nan,nan,0,67200,0,67200,0
nan,nan,nan,nan,nan,nan,nan,nan,nan,nan,nan,nan,nan,nan,nan,nan,nan,nan,nan,nan,nan,nan,nan,nan,nan,0,67800,0,67800,0
nan,nan,nan,nan,nan,nan,nan,nan,nan,nan,nan,nan,nan,nan,nan,nan,nan,nan,nan,nan,nan,nan,nan,nan,nan,0,68400,0,68400,0
nan,nan,nan,nan,nan,nan,nan,nan,nan,nan,nan,nan,nan,nan,nan,nan,nan,nan,nan,nan,nan,nan,nan,nan,nan,0,69000,0,69000,0
nan,nan,nan,nan,nan,nan,nan,nan,nan,nan,nan,nan,nan,nan,nan,nan,nan,nan,nan,nan,nan,nan,nan,nan,nan,0,69600,0,69600,0
nan,nan,nan,nan,nan,nan,nan,nan,nan,nan,nan,nan,nan,nan,nan,nan,nan,nan,nan,nan,nan,nan,nan,nan,nan,0,70200,0,70200,0
nan,nan,nan,nan,nan,nan,nan,nan,nan,nan,nan,nan,nan,nan,nan,nan,nan,nan,nan,nan,nan,nan,nan,nan,nan,0,70800,0,70800,0
nan,nan,nan,nan,nan,nan,nan,nan,nan,nan,nan,nan,nan,nan,nan,nan,nan,nan,nan,nan,nan,nan,nan,nan,nan,0,71400,0,71400,0
nan,nan,nan,nan,nan,nan,nan,nan,nan,nan,nan,nan,nan,nan,nan,nan,nan,nan,nan,nan,nan,nan,nan,nan,nan,0,72000,0,72000,0
nan,nan,nan,nan,nan,nan,nan,nan,nan,nan,nan,nan,nan,nan,nan,nan,nan,nan,nan,nan,nan,nan,nan,nan,nan,0,72600,0,72600,0
nan,nan,nan,nan,nan,nan,nan,nan,nan,nan,nan,nan,nan,nan,nan,nan,nan,nan,nan,nan,nan,nan,nan,nan,nan,0,73200,0,73200,0
nan,nan,nan,nan,nan,nan,nan,nan,nan,nan,nan,nan,nan,nan,nan,nan,nan,nan,nan,nan,nan,nan,nan,nan,nan,0,73800,0,73800,0
nan,nan,nan,nan,nan,nan,nan,nan,nan,nan,nan,nan,nan,nan,nan,nan,nan,nan,nan,nan,nan,nan,nan,nan,nan,0,74400,0,74400,0
nan,nan,nan,nan,nan,nan,nan,nan,nan,nan,nan,nan,nan,nan,nan,nan,nan,nan,nan,nan,nan,nan,nan,nan,nan,0,75000,0,75000,0
nan,nan,nan,nan,nan,nan,nan,nan,nan,nan,nan,nan,nan,nan,nan,nan,nan,nan,nan,nan,nan,nan,nan,nan,nan,0,75600,0,75600,0
nan,nan,nan,nan,nan,nan,nan,nan,nan,nan,nan,nan,nan,nan,nan,nan,nan,nan,nan,nan,nan,nan,nan,nan,nan,0,76200,0,76200,0
nan,nan,nan,nan,nan,nan,nan,nan,nan,nan,nan,nan,nan,nan,nan,nan,nan,nan,nan,nan,nan,nan,nan,nan,nan,0,76800,0,76800,0
nan,nan,nan,nan,nan,nan,nan,nan,nan,nan,nan,nan,nan,nan,nan,nan,nan,nan,nan,nan,nan,nan,nan,nan,nan,0,77400,0,77400,0
nan,nan,nan,nan,nan,nan,nan,nan,nan,nan,nan,nan,nan,nan,nan,nan,nan,nan,nan,nan,nan,nan,nan,nan,nan,0,78000,0,78000,0
nan,nan,nan,nan,nan,nan,nan,nan,nan,nan,nan,nan,nan,nan,nan,nan,nan,nan,nan,nan,nan,nan,nan,nan,nan,0,78600,0,78600,0
nan,nan,nan,nan,nan,nan,nan,nan,nan,nan,nan,nan,nan,nan,nan,nan,nan,nan,nan,nan,nan,nan,nan,nan,nan,0,79200,0,79200,0
nan,nan,nan,nan,nan,nan,nan,nan,nan,nan,nan,nan,nan,nan,nan,nan,nan,nan,nan,nan,nan,nan,nan,nan,nan,0,79800,0,79800,0
nan,nan,nan,nan,nan,nan,nan,nan,nan,nan,nan,nan,nan,nan,nan,nan,nan,nan,nan,nan,nan,nan,nan,nan,nan,0,80400,0,80400,0
nan,nan,nan,nan,nan,nan,nan,nan,nan,nan,nan,nan,nan,nan,nan,nan,nan,nan,nan,nan,nan,nan,nan,nan,nan,0,81000,0,81000,0
nan,nan,nan,nan,nan,nan,nan,nan,nan,nan,nan,nan,nan,nan,nan,nan,nan,nan,nan,nan,nan,nan,nan,nan,nan,0,81600,0,81600,0
nan,nan,nan,nan,nan,nan,nan,nan,nan,nan,nan,nan,nan,nan,nan,nan,nan,nan,nan,nan,nan,nan,nan,nan,nan,0,82200,0,82200,0
nan,nan,nan,nan,nan,nan,nan,nan,nan,nan,nan,nan,nan,nan,nan,nan,nan,nan,nan,nan,nan,nan,nan,nan,nan,0,82800,0,82800,0
nan,nan,nan,nan,nan,nan,nan,nan,nan,nan,nan,nan,nan,nan,nan,nan,nan,nan,nan,nan,nan,nan,nan,nan,nan,0,83400,0,83400,0
nan,nan,nan,nan,nan,nan,nan,nan,nan,nan,nan,nan,nan,nan,nan,nan,nan,nan,nan,nan,nan,nan,nan,nan,nan,0,84000,0,84000,0
nan,nan,nan,nan,nan,nan,nan,nan,nan,nan,nan,nan,nan,nan,nan,nan,nan,nan,nan,nan,nan,nan,nan,nan,nan,0,84600,0,84600,0
nan,nan,nan,nan,nan,nan,nan,nan,nan,nan,nan,nan,nan,nan,nan,nan,nan,nan,nan,nan,nan,nan,nan,nan,nan,0,85200,0,85200,0
nan,nan,nan,nan,nan,nan,nan,nan,nan,nan,nan,nan,nan,nan,nan,nan,nan,nan,nan,nan,nan,nan,nan,nan,nan,0,85800,0,85800,0
nan,nan,nan,nan,nan,nan,nan,nan,nan,nan,nan,nan,nan,nan,nan,nan,nan,nan,nan,nan,nan,nan,nan,nan,nan,0,86400,0,86400,0
nan,nan,nan,nan,nan,nan,nan,nan,nan,nan,nan,nan,nan,nan,nan,nan,nan,nan,nan,nan,nan,nan,nan,nan,nan,0,87000,0,87000,0
nan,nan,nan,nan,nan,nan,nan,nan,nan,nan,nan,nan,nan,nan,nan,nan,nan,nan,nan,nan,nan,nan,nan,nan,nan,0,87600,0,87600,0
nan,nan,nan,nan,nan,nan,nan,nan,nan,nan,nan,nan,nan,nan,nan,nan,nan,nan,nan,nan,nan,nan,nan,nan,nan,0,88200,0,88200,0
nan,nan,nan,nan,nan,nan,nan,nan,nan,nan,nan,nan,nan,nan,nan,nan,nan,nan,nan,nan,nan,nan,nan,nan,nan,0,88800,0,88800,0
nan,nan,nan,nan,nan,nan,nan,nan,nan,nan,nan,nan,nan,nan,nan,nan,nan,nan,nan,nan,nan,nan,nan,nan,nan,0,89400,0,89400,0
nan,nan,nan,nan,nan,nan,nan,nan,nan,nan,nan,nan,nan,nan,nan,nan,nan,nan,nan,nan,nan,nan,nan,nan,nan,0,90000,0,90000,0
nan,nan,nan,nan,nan,nan,nan,nan,nan,nan,nan,nan,nan,nan,nan,nan,nan,nan,nan,nan,nan,nan,nan,nan,nan,0,90600,0,90600,0
nan,nan,nan,nan,nan,nan,nan,nan,nan,nan,nan,nan,nan,nan,nan,nan,nan,nan,nan,nan,nan,nan,nan,nan,nan,0,91200,0,91200,0
nan,nan,nan,nan,nan,nan,nan,nan,nan,nan,nan,nan,nan,nan,nan,nan,nan,nan,nan,nan,nan,nan,nan,nan,nan,0,91800,0,91800,0
nan,nan,nan,nan,nan,nan,nan,nan,nan,nan,nan,nan,nan,nan,nan,nan,nan,nan,nan,nan,nan,nan,nan,nan,nan,0,92400,0,92400,0
nan,nan,nan,nan,nan,nan,nan,nan,nan,nan,nan,nan,nan,nan,nan,nan,nan,nan,nan,nan,nan,nan,nan,nan,nan,0,93000,0,93000,0
nan,nan,nan,nan,nan,nan,nan,nan,nan,nan,nan,nan,nan,nan,nan,nan,nan,nan,nan,nan,nan,nan,nan,nan,nan,0,93600,0,93600,0
nan,nan,nan,nan,nan,nan,nan,nan,nan,nan,nan,nan,nan,nan,nan,nan,nan,nan,nan,nan,nan,nan,nan,nan,nan,0,94200,0,94200,0
nan,nan,nan,nan,nan,nan,nan,nan,nan,nan,nan,nan,nan,nan,nan,nan,nan,nan,nan,nan,nan,nan,nan,nan,nan,0,94800,0,94800,0
nan,nan,nan,nan,nan,nan,nan,nan,nan,nan,nan,nan,nan,nan,nan,nan,nan,nan,nan,nan,nan,nan,nan,nan,nan,0,95400,0,95400,0
nan,nan,nan,nan,nan,nan,nan,nan,nan,nan,nan,nan,nan,nan,nan,nan,nan,nan,nan,nan,nan,nan,nan,nan,nan,0,96000,0,96000,0
nan,nan,nan,nan,nan,nan,nan,nan,nan,nan,nan,nan,nan,nan,nan,nan,nan,nan,nan,nan,nan,nan,nan,nan,nan,0,96600,0,96600,0
nan,nan,nan,nan,nan,nan,nan,nan,nan,nan,nan,nan,nan,nan,nan,nan,nan,nan,nan,nan,nan,nan,nan,nan,nan,0,97200,0,97200,0
nan,nan,nan,nan,nan,nan,nan,nan,nan,nan,nan,nan,nan,nan,nan,nan,nan,nan,nan,nan,nan,nan,nan,nan,nan,0,97800,0,97800,0
nan,nan,nan,nan,nan,nan,nan,nan,nan,nan,nan,nan,nan,nan,nan,nan,nan,nan,nan,nan,nan,nan,nan,nan,nan,0,98400,0,98400,0
nan,nan,nan,nan,nan,nan,nan,nan,nan,nan,nan,nan,nan,nan,nan,nan,nan,nan,nan,nan,nan,nan,nan,nan,nan,0,99000,0,99000,0
nan,nan,nan,nan,nan,nan,nan,nan,nan,nan,nan,nan,nan,nan,nan,nan,nan,nan,nan,nan,nan,nan,nan,nan,nan,0,99600,0,99600,0
nan,nan,nan,nan,nan,nan,nan,nan,nan,nan,nan,nan,nan,nan,nan,nan,nan,nan,nan,nan,nan,nan,nan,nan,nan,0,1.002e+05,0,1.002e+05,0
nan,nan,nan,nan,nan,nan,nan,nan,nan,nan,nan,nan,nan,nan,nan,nan,nan,nan,nan,nan,nan,nan,nan,nan,nan,0,1.008e+05,0,1.008e+05,0
nan,nan,nan,nan,nan,nan,nan,nan,nan,nan,nan,nan,nan,nan,nan,nan,nan,nan,nan,nan,nan,nan,nan,nan,nan,0,1.014e+05,0,1.014e+05,0
nan,nan,nan,nan,nan,nan,nan,nan,nan,nan,nan,nan,nan,nan,nan,nan,nan,nan,nan,nan,nan,nan,nan,nan,nan,0,1.02e+05,0,1.02e+05,0
nan,nan,nan,nan,nan,nan,nan,nan,nan,nan,nan,nan,nan,nan,nan,nan,nan,nan,nan,nan,nan,nan,nan,nan,nan,0,1.026e+05,0,1.026e+05,0
nan,nan,nan,nan,nan,nan,nan,nan,nan,nan,nan,nan,nan,nan,nan,nan,nan,nan,nan,nan,nan,nan,nan,nan,nan,0,1.032e+05,0,1.032e+05,0
nan,nan,nan,nan,nan,nan,nan,nan,nan,nan,nan,nan,nan,nan,nan,nan,nan,nan,nan,nan,nan,nan,nan,nan,nan,0,1.038e+05,0,1.038e+05,0
nan,nan,nan,nan,nan,nan,nan,nan,nan,nan,nan,nan,nan,nan,nan,nan,nan,nan,nan,nan,nan,nan,nan,nan,nan,0,1.044e+05,0,1.044e+05,0
nan,nan,nan,nan,nan,nan,nan,nan,nan,nan,nan,nan,nan,nan,nan,nan,nan,nan,nan,nan,nan,nan,nan,nan,nan,0,1.05e+05,0,1.05e+05,0
nan,nan,nan,nan,nan,nan,nan,nan,nan,nan,nan,nan,nan,nan,nan,nan,nan,nan,nan,nan,nan,nan,nan,nan,nan,0,1.056e+05,0,1.056e+05,0
nan,nan,nan,nan,nan,nan,nan,nan,nan,nan,nan,nan,nan,nan,nan,nan,nan,nan,nan,nan,nan,nan,nan,nan,nan,0,1.062e+05,0,1.062e+05,0
nan,nan,nan,nan,nan,nan,nan,nan,nan,nan,nan,nan,nan,nan,nan,nan,nan,nan,nan,nan,nan,nan,nan,nan,nan,0,1.068e+05,0,1.068e+05,0
nan,nan,nan,nan,nan,nan,nan,nan,nan,nan,nan,nan,nan,nan,nan,nan,nan,nan,nan,nan,nan,nan,nan,nan,nan,0,1.074e+05,0,1.074e+05,0
nan,nan,nan,nan,nan,nan,nan,nan,nan,nan,nan,nan,nan,nan,nan,nan,nan,nan,nan,nan,nan,nan,nan,nan,nan,0,1.08e+05,0,1.08e+05,0
nan,nan,nan,nan,nan,nan,nan,nan,nan,nan,nan,nan,nan,nan,nan,nan,nan,nan,nan,nan,nan,nan,nan,nan,nan,0,1.086e+05,0,1.086e+05,0
nan,nan,nan,nan,nan,nan,nan,nan,nan,nan,nan,nan,nan,nan,nan,nan,nan,nan,nan,nan,nan,nan,nan,nan,nan,0,1.092e+05,0,1.092e+05,0
nan,nan,nan,nan,nan,nan,nan,nan,nan,nan,nan,nan,nan,nan,nan,nan,nan,nan,nan,nan,nan,nan,nan,nan,nan,0,1.098e+05,0,1.098e+05,0
nan,nan,nan,nan,nan,nan,nan,nan,nan,nan,nan,nan,nan,nan,nan,nan,nan,nan,nan,nan,nan,nan,nan,nan,nan,0,1.104e+05,0,1.104e+05,0
nan,nan,nan,nan,nan,nan,nan,nan,nan,nan,nan,nan,nan,nan,nan,nan,nan,nan,nan,nan,nan,nan,nan,nan,nan,0,1.11e+05,0,1.11e+05,0
nan,nan,nan,nan,nan,nan,nan,nan,nan,nan,nan,nan,nan,nan,nan,nan,nan,nan,nan,nan,nan,nan,nan,nan,nan,0,1.116e+05,0,1.116e+05,0
nan,nan,nan,nan,nan,nan,nan,nan,nan,nan,nan,nan,nan,nan,nan,nan,nan,nan,nan,nan,nan,nan,nan,nan,nan,0,1.122e+05,0,1.122e+05,0
nan,nan,nan,nan,nan,nan,nan,nan,nan,nan,nan,nan,nan,nan,nan,nan,nan,nan,nan,nan,nan,nan,nan,nan,nan,0,1.128e+05,0,1.128e+05,0
nan,nan,nan,nan,nan,nan,nan,nan,nan,nan,nan,nan,nan,nan,nan,nan,nan,nan,nan,nan,nan,nan,nan,nan,nan,0,1.134e+05,0,1.134e+05,0
nan,nan,nan,nan,nan,nan,nan,nan,nan,nan,nan,nan,nan,nan,nan,nan,nan,nan,nan,nan,nan,nan,nan,nan,nan,0,1.14e+05,0,1.14e+05,0
nan,nan,nan,nan,nan,nan,nan,nan,nan,nan,nan,nan,nan,nan,nan,nan,nan,nan,nan,nan,nan,nan,nan,nan,nan,0,1.146e+05,0,1.146e+05,0
nan,nan,nan,nan,nan,nan,nan,nan,nan,nan,nan,nan,nan,nan,nan,nan,nan,nan,nan,nan,nan,nan,nan,nan,nan,0,1.152e+05,0,1.152e+05,0
nan,nan,nan,nan,nan,nan,nan,nan,nan,nan,nan,nan,nan,nan,nan,nan,nan,nan,nan,nan,nan,nan,nan,nan,nan,0,1.158e+05,0,1.158e+05,0
nan,nan,nan,nan,nan,nan,nan,nan,nan,nan,nan,nan,nan,nan,nan,nan,nan,nan,nan,nan,nan,nan,nan,nan,nan,0,1.164e+05,0,1.164e+05,0
nan,nan,nan,nan,nan,nan,nan,nan,nan,nan,nan,nan,nan,nan,nan,nan,nan,nan,nan,nan,nan,nan,nan,nan,nan,0,1.17e+05,0,1.17e+05,0
nan,nan,nan,nan,nan,nan,nan,nan,nan,nan,nan,nan,nan,nan,nan,nan,nan,nan,nan,nan,nan,nan,nan,nan,nan,0,1.176e+05,0,1.176e+05,0
nan,nan,nan,nan,nan,nan,nan,nan,nan,nan,nan,nan,nan,nan,nan,nan,nan,nan,nan,nan,nan,nan,nan,nan,nan,0,1.182e+05,0,1.182e+05,0
nan,nan,nan,nan,nan,nan,nan,nan,nan,nan,nan,nan,nan,nan,nan,nan,nan,nan,nan,nan,nan,nan,nan,nan,nan,0,1.188e+05,0,1.188e+05,0
nan,nan,nan,nan,nan,nan,nan,nan,nan,nan,nan,nan,nan,nan,nan,nan,nan,nan,nan,nan,nan,nan,nan,nan,nan,0,1.194e+05,0,1.194e+05,0
nan,nan,nan,nan,nan,nan,nan,nan,nan,nan,nan,nan,nan,nan,nan,nan,nan,nan,nan,nan,nan,nan,nan,nan,nan,0,1.2e+05,0,1.2e+05,0
nan,nan,nan,nan,nan,nan,nan,nan,nan,nan,nan,nan,nan,nan,nan,nan,nan,nan,nan,nan,nan,nan,nan,nan,nan,0,1.206e+05,0,1.206e+05,0
nan,nan,nan,nan,nan,nan,nan,nan,nan,nan,nan,nan,nan,nan,nan,nan,nan,nan,nan,nan,nan,nan,nan,nan,nan,0,1.212e+05,0,1.212e+05,0
nan,nan,nan,nan,nan,nan,nan,nan,nan,nan,nan,nan,nan,nan,nan,nan,nan,nan,nan,nan,nan,nan,nan,nan,nan,0,1.218e+05,0,1.218e+05,0
nan,nan,nan,nan,nan,nan,nan,nan,nan,nan,nan,nan,nan,nan,nan,nan,nan,nan,nan,nan,nan,nan,nan,nan,nan,0,1.224e+05,0,1.224e+05,0
nan,nan,nan,nan,nan,nan,nan,nan,nan,nan,nan,nan,nan,nan,nan,nan,nan,nan,nan,nan,nan,nan,nan,nan,nan,0,1.23e+05,0,1.23e+05,0
nan,nan,nan,nan,nan,nan,nan,nan,nan,nan,nan,nan,nan,nan,nan,nan,nan,nan,nan,nan,nan,nan,nan,nan,nan,0,1.236e+05,0,1.236e+05,0
nan,nan,nan,nan,nan,nan,nan,nan,nan,nan,nan,nan,nan,nan,nan,nan,nan,nan,nan,nan,nan,nan,nan,nan,nan,0,1.242e+05,0,1.242e+05,0
nan,nan,nan,nan,nan,nan,nan,nan,nan,nan,nan,nan,nan,nan,nan,nan,nan,nan,nan,nan,nan,nan,nan,nan,nan,0,1.248e+05,0,1.248e+05,0
nan,nan,nan,nan,nan,nan,nan,nan,nan,nan,nan,nan,nan,nan,nan,nan,nan,nan,nan,nan,nan,nan,nan,nan,nan,0,1.254e+05,0,1.254e+05,0
nan,nan,nan,nan,nan,nan,nan,nan,nan,nan,nan,nan,nan,nan,nan,nan,nan,nan,nan,nan,nan,nan,nan,nan,nan,0,1.26e+05,0,1.26e+05,0
nan,nan,nan,nan,nan,nan,nan,nan,nan,nan,nan,nan,nan,nan,nan,nan,nan,nan,nan,nan,nan,nan,nan,nan,nan,0,1.266e+05,0,1.266e+05,0
nan,nan,nan,nan,nan,nan,nan,nan,nan,nan,nan,nan,nan,nan,nan,nan,nan,nan,nan,nan,nan,nan,nan,nan,nan,0,1.272e+05,0,1.272e+05,0
nan,nan,nan,nan,nan,nan,nan,nan,nan,nan,nan,nan,nan,nan,nan,nan,nan,nan,nan,nan,nan,nan,nan,nan,nan,0,1.278e+05,0,1.278e+05,0
nan,nan,nan,nan,nan,nan,nan,nan,nan,nan,nan,nan,nan,nan,nan,nan,nan,nan,nan,nan,nan,nan,nan,nan,nan,0,1.284e+05,0,1.284e+05,0
nan,nan,nan,nan,nan,nan,nan,nan,nan,nan,nan,nan,nan,nan,nan,nan,nan,nan,nan,nan,nan,nan,nan,nan,nan,0,1.29e+05,0,1.29e+05,0
nan,nan,nan,nan,nan,nan,nan,nan,nan,nan,nan,nan,nan,nan,nan,nan,nan,nan,nan,nan,nan,nan,nan,nan,nan,0,1.296e+05,0,1.296e+05,0
nan,nan,nan,nan,nan,nan,nan,nan,nan,nan,nan,nan,nan,nan,nan,nan,nan,nan,nan,nan,nan,nan,nan,nan,nan,0,1.302e+05,0,1.302e+05,0
nan,nan,nan,nan,nan,nan,nan,nan,nan,nan,nan,nan,nan,nan,nan,nan,nan,nan,nan,nan,nan,nan,nan,nan,nan,0,1.308e+05,0,1.308e+05,0
nan,nan,nan,nan,nan,nan,nan,nan,nan,nan,nan,nan,nan,nan,nan,nan,nan,nan,nan,nan,nan,nan,nan,nan,nan,0,1.314e+05,0,1.314e+05,0
nan,nan,nan,nan,nan,nan,nan,nan,nan,nan,nan,nan,nan,nan,nan,nan,nan,nan,nan,nan,nan,nan,nan,nan,nan,0,1.32e+05,0,1.32e+05,0
nan,nan,nan,nan,nan,nan,nan,nan,nan,nan,nan,nan,nan,nan,nan,nan,nan,nan,nan,nan,nan,nan,nan,nan,nan,0,1.326e+05,0,1.326e+05,0
nan,nan,nan,nan,nan,nan,nan,nan,nan,nan,nan,nan,nan,nan,nan,nan,nan,nan,nan,nan,nan,nan,nan,nan,nan,0,1.332e+05,0,1.332e+05,0
nan,nan,nan,nan,nan,nan,nan,nan,nan,nan,nan,nan,nan,nan,nan,nan,nan,nan,nan,nan,nan,nan,nan,nan,nan,0,1.338e+05,0,1.338e+05,0
nan,nan,nan,nan,nan,nan,nan,nan,nan,nan,nan,nan,nan,nan,nan,nan,nan,nan,nan,nan,nan,nan,nan,nan,nan,0,1.344e+05,0,1.344e+05,0
nan,nan,nan,nan,nan,nan,nan,nan,nan,nan,nan,nan,nan,nan,nan,nan,nan,nan,nan,nan,nan,nan,nan,nan,nan,0,1.35e+05,0,1.35e+05,0
nan,nan,nan,nan,nan,nan,nan,nan,nan,nan,nan,nan,nan,nan,nan,nan,nan,nan,nan,nan,nan,nan,nan,nan,nan,0,1.356e+05,0,1.356e+05,0
nan,nan,nan,nan,nan,nan,nan,nan,nan,nan,nan,nan,nan,nan,nan,nan,nan,nan,nan,nan,nan,nan,nan,nan,nan,0,1.362e+05,0,1.362e+05,0
nan,nan,nan,nan,nan,nan,nan,nan,nan,nan,nan,nan,nan,nan,nan,nan,nan,nan,nan,nan,nan,nan,nan,nan,nan,0,1.368e+05,0,1.368e+05,0
nan,nan,nan,nan,nan,nan,nan,nan,nan,nan,nan,nan,nan,nan,nan,nan,nan,nan,nan,nan,nan,nan,nan,nan,nan,0,1.374e+05,0,1.374e+05,0
nan,nan,nan,nan,nan,nan,nan,nan,nan,nan,nan,nan,nan,nan,nan,nan,nan,nan,nan,nan,nan,nan,nan,nan,nan,0,1.38e+05,0,1.38e+05,0
nan,nan,nan,nan,nan,nan,nan,nan,nan,nan,nan,nan,nan,nan,nan,nan,nan,nan,nan,nan,nan,nan,nan,nan,nan,0,1.386e+05,0,1.386e+05,0
nan,nan,nan,nan,nan,nan,nan,nan,nan,nan,nan,nan,nan,nan,nan,nan,nan,nan,nan,nan,nan,nan,nan,nan,nan,0,1.392e+05,0,1.392e+05,0
nan,nan,nan,nan,nan,nan,nan,nan,nan,nan,nan,nan,nan,nan,nan,nan,nan,nan,nan,nan,nan,nan,nan,nan,nan,0,1.398e+05,0,1.398e+05,0
nan,nan,nan,nan,nan,nan,nan,nan,nan,nan,nan,nan,nan,nan,nan,nan,nan,nan,nan,nan,nan,nan,nan,nan,nan,0,1.404e+05,0,1.404e+05,0
nan,nan,nan,nan,nan,nan,nan,nan,nan,nan,nan,nan,nan,nan,nan,nan,nan,nan,nan,nan,nan,nan,nan,nan,nan,0,1.41e+05,0,1.41e+05,0
nan,nan,nan,nan,nan,nan,nan,nan,nan,nan,nan,nan,nan,nan,nan,nan,nan,nan,nan,nan,nan,nan,nan,nan,nan,0,1.416e+05,0,1.416e+05,0
nan,nan,nan,nan,nan,nan,nan,nan,nan,nan,nan,nan,nan,nan,nan,nan,nan,nan,nan,nan,nan,nan,nan,nan,nan,0,1.422e+05,0,1.422e+05,0
nan,nan,nan,nan,nan,nan,nan,nan,nan,nan,nan,nan,nan,nan,nan,nan,nan,nan,nan,nan,nan,nan,nan,nan,nan,0,1.428e+05,0,1.428e+05,0
nan,nan,nan,nan,nan,nan,nan,nan,nan,nan,nan,nan,nan,nan,nan,nan,nan,nan,nan,nan,nan,nan,nan,nan,nan,0,1.434e+05,0,1.434e+05,0
nan,nan,nan,nan,nan,nan,nan,nan,nan,nan,nan,nan,nan,nan,nan,nan,nan,nan,nan,nan,nan,nan,nan,nan,nan,0,1.44e+05,0,1.44e+05,0
nan,nan,nan,nan,nan,nan,nan,nan,nan,nan,nan,nan,nan,nan,nan,nan,nan,nan,nan,nan,nan,nan,nan,nan,nan,0,1.446e+05,0,1.446e+05,0
nan,nan,nan,nan,nan,nan,nan,nan,nan,nan,nan,nan,nan,nan,nan,nan,nan,nan,nan,nan,nan,nan,nan,nan,nan,0,1.452e+05,0,1.452e+05,0
nan,nan,nan,nan,nan,nan,nan,nan,nan,nan,nan,nan,nan,nan,nan,nan,nan,nan,nan,nan,nan,nan,nan,nan,nan,0,1.458e+05,0,1.458e+05,0
nan,nan,nan,nan,nan,nan,nan,nan,nan,nan,nan,nan,nan,nan,nan,nan,nan,nan,nan,nan,nan,nan,nan,nan,nan,0,1.464e+05,0,1.464e+05,0
nan,nan,nan,nan,nan,nan,nan,nan,nan,nan,nan,nan,nan,nan,nan,nan,nan,nan,nan,nan,nan,nan,nan,nan,nan,0,1.47e+05,0,1.47e+05,0
nan,nan,nan,nan,nan,nan,nan,nan,nan,nan,nan,nan,nan,nan,nan,nan,nan,nan,nan,nan,nan,nan,nan,nan,nan,0,1.476e+05,0,1.476e+05,0
nan,nan,nan,nan,nan,nan,nan,nan,nan,nan,nan,nan,nan,nan,nan,nan,nan,nan,nan,nan,nan,nan,nan,nan,nan,0,1.482e+05,0,1.482e+05,0
nan,nan,nan,nan,nan,nan,nan,nan,nan,nan,nan,nan,nan,nan,nan,nan,nan,nan,nan,nan,nan,nan,nan,nan,nan,0,1.488e+05,0,1.488e+05,0
nan,nan,nan,nan,nan,nan,nan,nan,nan,nan,nan,nan,nan,nan,nan,nan,nan,nan,nan,nan,nan,nan,nan,nan,nan,0,1.494e+05,0,1.494e+05,0
nan,nan,nan,nan,nan,nan,nan,nan,nan,nan,nan,nan,nan,nan,nan,nan,nan,nan,nan,nan,nan,nan,nan,nan,nan,0,1.5e+05,0,1.5e+05,0
nan,nan,nan,nan,nan,nan,nan,nan,nan,nan,nan,nan,nan,nan,nan,nan,nan,nan,nan,nan,nan,nan,nan,nan,nan,0,1.506e+05,0,1.506e+05,0
nan,nan,nan,nan,nan,nan,nan,nan,nan,nan,nan,nan,nan,nan,nan,nan,nan,nan,nan,nan,nan,nan,nan,nan,nan,0,1.512e+05,0,1.512e+05,0
nan,nan,nan,nan,nan,nan,nan,nan,nan,nan,nan,nan,nan,nan,nan,nan,nan,nan,nan,nan,nan,nan,nan,nan,nan,0,1.518e+05,0,1.518e+05,0
3424.8,0,1.5004,0,-3.9789e-13,1.4112,0,4.955e+09,-1.9689e+06,4.953e+09,1904.9,0.0034251,0.0032238,3425.6,2.3711e+18,3.5e-05,1.4666e-09,0.004068,237.43,-1.0603e+08,3185.7,3.8019e-16,10,4.3328e+20,0.020362,1,1.524e+05,0,1.524e+05,0
3424.3,0,1.5005,0,2.0324e-12,1.4428,0,4.9342e+09,-1.6967e+06,4.9325e+09,1904.1,0.0046727,0.0043872,3425.5,2.3456e+18,3.5e-05,1.8969e-09,0.005262,236.85,-1.0584e+08,3184.3,7.4241e-16,10,3.2852e+20,0.022235,1,1.53e+05,0,1.53e+05,0
3423.9,0,1.5006,0,4.4626e-12,1.4743,0,4.9134e+09,-1.4244e+06,4.9119e+09,1903.2,0.0059202,0.0055506,3425.3,2.32e+18,3.5e-05,2.3271e-09,0.006456,236.27,-1.0566e+08,3182.9,1.1046e-15,10,2.2375e+20,0.024109,1,1.536e+05,0,1.536e+05,0
3423.4,0,1.5007,0,3.0359e-12,1.487,0,4.8926e+09,-1.2199e+06,4.8914e+09,1902.3,0.0072934,0.0068291,3425.2,2.2926e+18,3.5e-05,2.7972e-09,0.0077616,235.65,-1.0547e+08,3181.4,2.3288e-15,10,1.7804e+20,0.025966,1,1.542e+05,0,1.542e+05,0
3422.9,0,1.5009,0,3.2362e-13,1.4934,0,4.8719e+09,-1.0381e+06,4.8708e+09,1901.4,0.0087085,0.008146,3425,2.2646e+18,3.5e-05,3.2807e-09,0.0091044,235.01,-1.0528e+08,3180,3.8404e-15,10,1.5201e+20,0.027818,1,1.548e+05,0,1.548e+05,0
3422.4,0,1.501,0,-2.3887e-12,1.4999,0,4.8512e+09,-8.5618e+05,4.8503e+09,1900.5,0.010124,0.0094629,3424.9,2.2366e+18,3.5e-05,3.7641e-09,0.010447,234.37,-1.0509e+08,3178.6,5.3519e-15,10,1.2598e+20,0.02967,1,1.554e+05,0,1.554e+05,0
3421.8,0,1.5011,0,-2.1329e-12,1.5039,0,4.8305e+09,-7.3558e+05,4.8298e+09,1899.5,0.011605,0.010846,3424.7,2.208e+18,3.5e-05,4.2697e-09,0.011852,233.7,-1.049e+08,3177.2,8.2811e-15,10,1.0914e+20,0.031519,1,1.56e+05,0,1.56e+05,0
3421.3,0,1.5013,0,-9.6135e-14,1.5064,0,4.8099e+09,-6.5174e+05,4.8093e+09,1898.6,0.013126,0.012269,3424.6,2.179e+18,3.5e-05,4.7885e-09,0.013295,233.02,-1.047e+08,3175.8,1.2061e-14,10,9.7822e+19,0.033366,1,1.566e+05,0,1.566e+05,0
3420.8,0,1.5014,0,1.9406e-12,1.509,0,4.7893e+09,-5.6791e+05,4.7887e+09,1897.6,0.014647,0.013691,3424.4,2.1501e+18,3.5e-05,5.3074e-09,0.014737,232.33,-1.0451e+08,3174.4,1.5841e-14,10,8.6504e+19,0.035214,1,1.572e+05,0,1.572e+05,0
3420.2,0,1.5015,0,1.9907e-12,1.5115,0,4.7687e+09,-4.9319e+05,4.7682e+09,1896.6,0.016177,0.015153,3424.3,2.1216e+18,3.5e-05,5.8395e-09,0.016216,231.63,-1.0431e+08,3172.9,2.1237e-14,10,7.7833e+19,0.037061,1,1.578e+05,0,1.578e+05,0
3419.7,0,1.5016,0,5.4227e-14,1.5139,0,4.7481e+09,-4.276e+05,4.7477e+09,1895.6,0.017715,0.016653,3424.1,2.0937e+18,3.5e-05,6.3848e-09,0.017732,230.92,-1.0411e+08,3171.5,2.8249e-14,10,7.1807e+19,0.03891,1,1.584e+05,0,1.584e+05,0
3419.1,0,1.5017,0,-1.8823e-12,1.5162,0,4.7275e+09,-3.6201e+05,4.7272e+09,1894.6,0.019253,0.018154,3424,2.0658e+18,3.5e-05,6.9301e-09,0.019248,230.21,-1.0391e+08,3170.1,3.5261e-14,10,6.5782e+19,0.040758,1,1.59e+05,0,1.59e+05,0
3418.6,0,1.5018,0,-2.5651e-12,1.5189,0,4.707e+09,-3.0282e+05,4.7066e+09,1893.6,0.020845,0.019678,3423.9,2.0373e+18,3.5e-05,7.4834e-09,0.020787,229.48,-1.0371e+08,3168.7,4.4309e-14,10,6.0518e+19,0.042608,1,1.596e+05,0,1.596e+05,0
3418,0,1.5019,0,-1.1587e-12,1.522,0,4.6864e+09,-2.5432e+05,4.6861e+09,1892.6,0.022529,0.021241,3423.7,2.0077e+18,3.5e-05,8.0499e-09,0.022364,228.75,-1.035e+08,3167.3,5.6749e-14,10,5.6522e+19,0.044461,1,1.602e+05,0,1.602e+05,0
3417.4,0,1.502,0,2.4781e-13,1.525,0,4.6658e+09,-2.0581e+05,4.6656e+09,1891.6,0.024213,0.022804,3423.6,1.9782e+18,3.5e-05,8.6165e-09,0.023942,228.01,-1.033e+08,3165.8,6.9189e-14,10,5.2527e+19,0.046313,1,1.608e+05,0,1.608e+05,0
3416.8,0,1.5021,0,1.2025e-12,1.5282,0,4.6453e+09,-1.591e+05,4.6451e+09,1890.6,0.025872,0.02438,3423.5,1.9496e+18,3.5e-05,9.1875e-09,0.025532,227.26,-1.0309e+08,3164.4,8.282e-14,10,4.8909e+19,0.048168,1,1.614e+05,0,1.614e+05,0
3416.2,0,1.5021,0,8.0201e-13,1.5316,0,4.6247e+09,-1.1781e+05,4.6246e+09,1889.5,0.027453,0.025995,3423.3,1.9235e+18,3.5e-05,9.7718e-09,0.027156,226.51,-1.0288e+08,3163,1.0002e-13,10,4.6425e+19,0.050027,1,1.62e+05,0,1.62e+05,0
3415.6,0,1.5022,0,4.0148e-13,1.5351,0,4.6042e+09,-76520,4.6041e+09,1888.5,0.029033,0.02761,3423.2,1.8973e+18,3.5e-05,1.0356e-08,0.02878,225.75,-1.0266e+08,3161.6,1.1722e-13,10,4.3941e+19,0.051886,1,1.626e+05,0,1.626e+05,0
3415,0,1.5022,0,-1.5756e-13,1.5386,0,4.5837e+09,-35760,4.5836e+09,1887.5,0.03063,0.029231,3423.1,1.8711e+18,3.5e-05,1.0942e-08,0.030409,224.99,-1.0245e+08,3160.1,1.3547e-13,10,4.1528e+19,0.053746,1,1.632e+05,0,1.632e+05,0
3414.4,0,1.5022,0,-1.8261e-12,1.5429,0,4.5631e+09,1281.1,4.5631e+09,1886.4,0.032334,0.030891,3422.9,1.8439e+18,3.5e-05,1.1542e-08,0.032079,224.21,-1.0223e+08,3158.7,1.6107e-13,10,3.9616e+19,0.055612,1,1.638e+05,0,1.638e+05,0
3413.8,0,1.5022,0,-3.4947e-12,1.5472,0,4.5426e+09,38322,4.5427e+09,1885.4,0.034038,0.03255,3422.8,1.8168e+18,3.5e-05,1.2142e-08,0.033748,223.44,-1.0201e+08,3157.3,1.8668e-13,10,3.7704e+19,0.057478,1,1.644e+05,0,1.644e+05,0
3413.1,0,1.5022,0,-5.1633e-12,1.5515,0,4.5221e+09,75364,4.5222e+09,1884.3,0.035742,0.03421,3422.7,1.7896e+18,3.5e-05,1.2741e-08,0.035418,222.66,-1.0179e+08,3155.8,2.1228e-13,10,3.5791e+19,0.059344,1,1.65e+05,0,1.65e+05,0
3412.5,0,1.5021,0,-9.0892e-13,1.5562,0,4.5016e+09,1.0651e+05,4.5017e+09,1883.2,0.037371,0.035909,3422.5,1.7651e+18,3.5e-05,1.3355e-08,0.037122,221.87,-1.0156e+08,3154.4,2.4457e-13,10,3.4435e+19,0.061219,1,1.656e+05,0,1.656e+05,0
3411.9,0,1.502,0,3.3454e-12,1.5609,0,4.4811e+09,1.3766e+05,4.4812e+09,1882.2,0.039,0.037608,3422.4,1.7405e+18,3.5e-05,1.3968e-08,0.038826,221.08,-1.0133e+08,3153,2.7686e-13,10,3.3078e+19,0.063094,1,1.662e+05,0,1.662e+05,0
3411.3,0,1.502,0,7.5998e-12,1.5655,0,4.4606e+09,1.688e+05,4.4608e+09,1881.1,0.040629,0.039308,3422.3,1.7159e+18,3.5e-05,1.4582e-08,0.04053,220.29,-1.0111e+08,3151.5,3.0915e-13,10,3.1721e+19,0.064969,1,1.668e+05,0,1.668e+05,0
3410.7,0,1.5018,0,4.8458e-12,1.5708,0,4.4401e+09,1.9862e+05,4.4403e+09,1880,0.042288,0.041038,3422.2,1.6919e+18,3.5e-05,1.5206e-08,0.042264,219.49,-1.0087e+08,3150.1,3.4973e-13,10,3.0611e+19,0.066852,1,1.674e+05,0,1.674e+05,0
3410,0,1.5017,0,1.0906e-12,1.5761,0,4.4196e+09,2.2825e+05,4.4198e+09,1878.9,0.04395,0.042773,3422,1.6679e+18,3.5e-05,1.5832e-08,0.044002,218.69,-1.0064e+08,3148.6,3.915e-13,10,2.9536e+19,0.068736,1,1.68e+05,0,1.68e+05,0
3409.4,0,1.5015,0,-2.6646e-12,1.5815,0,4.3991e+09,2.5787e+05,4.3994e+09,1877.8,0.045612,0.044508,3421.9,1.6439e+18,3.5e-05,1.6458e-08,0.04574,217.89,-1.004e+08,3147.2,4.3327e-13,10,2.8462e+19,0.070619,1,1.686e+05,0,1.686e+05,0
3408.7,0,1.5013,0,-2.0445e-13,1.5872,0,4.3786e+09,2.8417e+05,4.3789e+09,1876.8,0.047256,0.046266,3421.8,1.6211e+18,3.5e-05,1.7092e-08,0.047498,217.08,-1.0016e+08,3145.8,4.8175e-13,10,2.7561e+19,0.07251,1,1.692e+05,0,1.692e+05,0
3408.1,0,1.5011,0,4.3275e-12,1.593,0,4.3581e+09,3.0937e+05,4.3585e+09,1875.7,0.048893,0.048033,3421.7,1.5986e+18,3.5e-05,1.7729e-08,0.049264,216.27,-9.9917e+07,3144.3,5.3247e-13,10,2.6718e+19,0.074402,1,1.698e+05,0,1.698e+05,0
3407.4,0,1.5009,0,8.8594e-12,1.5988,0,4.3377e+09,3.3456e+05,4.338e+09,1874.6,0.05053,0.049799,3421.5,1.5761e+18,3.5e-05,1.8366e-08,0.051029,215.45,-9.9674e+07,3142.9,5.8319e-13,10,2.5875e+19,0.076294,1,1.704e+05,0,1.704e+05,0
3406.8,0,1.5007,0,6.6529e-12,1.6048,0,4.3172e+09,3.5985e+05,4.3176e+09,1873.5,0.052139,0.051584,3421.4,1.5547e+18,3.5e-05,1.901e-08,0.052809,214.63,-9.9425e+07,3141.4,6.3925e-13,10,2.514e+19,0.078192,1,1.71e+05,0,1.71e+05,0
3406.2,0,1.5004,0,4.034e-13,1.6109,0,4.2967e+09,3.852e+05,4.2971e+09,1872.4,0.053732,0.05338,3421.3,1.5338e+18,3.5e-05,1.9657e-08,0.054597,213.81,-9.9174e+07,3140,6.9851e-13,10,2.447e+19,0.080092,1,1.716e+05,0,1.716e+05,0
3405.5,0,1.5001,0,-5.8461e-12,1.617,0,4.2763e+09,4.1056e+05,4.2767e+09,1871.3,0.055325,0.055176,3421.2,1.513e+18,3.5e-05,2.0304e-08,0.056385,212.99,-9.8923e+07,3138.5,7.5777e-13,10,2.38e+19,0.081993,1,1.722e+05,0,1.722e+05,0
3404.9,0,1.4997,0,-6.3602e-12,1.6235,0,4.2558e+09,4.3284e+05,4.2563e+09,1870.2,0.056948,0.056985,3421,1.4923e+18,3.5e-05,2.0956e-08,0.058186,212.16,-9.8668e+07,3137.1,8.2371e-13,10,2.3175e+19,0.083898,1,1.728e+05,0,1.728e+05,0
3404.2,0,1.4993,0,-1.1387e-12,1.6304,0,4.2354e+09,4.5206e+05,4.2358e+09,1869.1,0.058602,0.058808,3420.9,1.4715e+18,3.5e-05,2.1613e-08,0.060001,211.33,-9.8408e+07,3135.6,8.9633e-13,10,2.2593e+19,0.085807,1,1.734e+05,0,1.734e+05,0
3403.5,0,1.499,0,4.0827e-12,1.6373,0,4.2149e+09,4.7128e+05,4.2154e+09,1867.9,0.060256,0.060632,3420.8,1.4507e+18,3.5e-05,2.227e-08,0.061815,210.49,-9.8149e+07,3134.1,9.6895e-13,10,2.2012e+19,0.087715,1,1.74e+05,0,1.74e+05,0
3402.9,0,1.4985,0,6.2315e-12,1.6441,0,4.1945e+09,4.9173e+05,4.195e+09,1866.8,0.061835,0.062464,3420.7,1.4313e+18,3.5e-05,2.293e-08,0.063631,209.66,-9.7886e+07,3132.7,1.0421e-12,10,2.1488e+19,0.089627,1,1.746e+05,0,1.746e+05,0
3402.2,0,1.4981,0,3.2592e-12,1.6506,0,4.174e+09,5.1423e+05,4.1746e+09,1865.7,0.063292,0.064313,3420.5,1.4142e+18,3.5e-05,2.3595e-08,0.065452,208.82,-9.7619e+07,3131.2,1.116e-12,10,2.1058e+19,0.091544,1,1.752e+05,0,1.752e+05,0
3401.6,0,1.4976,0,2.8699e-13,1.6571,0,4.1536e+09,5.3673e+05,4.1542e+09,1864.6,0.064748,0.066161,3420.4,1.3971e+18,3.5e-05,2.426e-08,0.067272,207.98,-9.7351e+07,3129.7,1.1899e-12,10,2.0628e+19,0.093461,1,1.758e+05,0,1.758e+05,0
3400.9,0,1.4971,0,-2.5517e-12,1.6639,0,4.1332e+09,5.5772e+05,4.1338e+09,1863.5,0.066263,0.068016,3420.3,1.3793e+18,3.5e-05,2.4928e-08,0.069101,207.13,-9.7081e+07,3128.3,1.2699e-12,10,2.0197e+19,0.09538,1,1.764e+05,0,1.764e+05,0
3400.2,0,1.4965,0,-4.9895e-12,1.6719,0,4.1127e+09,5.7416e+05,4.1134e+09,1862.3,0.067954,0.069889,3420.2,1.3598e+18,3.5e-05,2.5602e-08,0.070957,206.29,-9.6805e+07,3126.8,1.3681e-12,10,1.9761e+19,0.097306,1,1.77e+05,0,1.77e+05,0
3399.5,0,1.496,0,-7.4274e-12,1.6799,0,4.0923e+09,5.906e+05,4.093e+09,1861.2,0.069644,0.071761,3420.1,1.3402e+18,3.5e-05,2.6276e-08,0.072813,205.44,-9.6529e+07,3125.3,1.4662e-12,10,1.9324e+19,0.099231,1,1.776e+05,0,1.776e+05,0
3398.8,0,1.4954,0,-9.0219e-12,1.6878,0,4.0719e+09,6.0701e+05,4.0726e+09,1860.1,0.071293,0.073637,3419.9,1.3213e+18,3.5e-05,2.695e-08,0.074667,204.59,-9.6252e+07,3123.9,1.5632e-12,10,1.8906e+19,0.10116,1,1.782e+05,0,1.782e+05,0
3398.2,0,1.4948,0,-4.7129e-12,1.6947,0,4.0515e+09,6.231e+05,4.0522e+09,1859,0.072647,0.075532,3419.8,1.3069e+18,3.5e-05,2.7632e-08,0.076512,203.73,-9.5967e+07,3122.4,1.6519e-12,10,1.861e+19,0.10309,1,1.788e+05,0,1.788e+05,0
3397.6,0,1.4941,0,-4.0402e-13,1.7015,0,4.0311e+09,6.392e+05,4.0318e+09,1857.8,0.074002,0.077428,3419.7,1.2925e+18,3.5e-05,2.8314e-08,0.078357,202.88,-9.5682e+07,3120.9,1.7406e-12,10,1.8314e+19,0.10503,1,1.794e+05,0,1.794e+05,0
3397,0,1.4935,0,3.9049e-12,1.7084,0,4.0107e+09,6.5529e+05,4.0114e+09,1856.7,0.075356,0.079323,3419.6,1.2782e+18,3.5e-05,2.8996e-08,0.080202,202.02,-9.5398e+07,3119.4,1.8293e-12,10,1.8018e+19,0.10696,1,1.8e+05,0,1.8e+05,0
3396.3,0,1.4927,0,1.552e-13,1.7166,0,3.9903e+09,6.7478e+05,3.991e+09,1855.6,0.076922,0.081239,3419.5,1.2617e+18,3.5e-05,2.9686e-08,0.082079,201.16,-9.5105e+07,3118,1.9434e-12,10,1.7709e+19,0.10891,1,1.806e+05,0,1.806e+05,0
3395.6,0,1.492,0,-3.5945e-12,1.7248,0,3.9699e+09,6.9427e+05,3.9707e+09,1854.4,0.078489,0.083156,3419.3,1.2452e+18,3.5e-05,3.0375e-08,0.083956,200.3,-9.4812e+07,3116.5,2.0576e-12,10,1.7399e+19,0.11085,1,1.812e+05,0,1.812e+05,0
3394.9,0,1.4913,0,-7.3442e-12,1.7331,0,3.9495e+09,7.1377e+05,3.9503e+09,1853.3,0.080055,0.085073,3419.2,1.2287e+18,3.5e-05,3.1065e-08,0.085832,199.44,-9.4519e+07,3115,2.1718e-12,10,1.709e+19,0.11279,1,1.818e+05,0,1.818e+05,0
3394.2,0,1.4904,0,1.049e-12,1.7414,0,3.9291e+09,7.2379e+05,3.9299e+09,1852.1,0.081563,0.087007,3419.1,1.2135e+18,3.5e-05,3.1761e-08,0.087714,198.57,-9.4218e+07,3113.5,2.2922e-12,10,1.6824e+19,0.11474,1,1.824e+05,0,1.824e+05,0
3393.5,0,1.4896,0,1.1177e-11,1.7497,0,3.9088e+09,7.3245e+05,3.9096e+09,1851,0.083061,0.088944,3419,1.1985e+18,3.5e-05,3.2458e-08,0.089597,197.7,-9.3916e+07,3112,2.4136e-12,10,1.6564e+19,0.11669,1,1.83e+05,0,1.83e+05,0
3392.8,0,1.4888,0,2.1305e-11,1.758,0,3.8884e+09,7.4112e+05,3.8892e+09,1849.8,0.08456,0.090881,3418.9,1.1835e+18,3.5e-05,3.3154e-08,0.09148,196.84,-9.3614e+07,3110.5,2.5349e-12,10,1.6304e+19,0.11864,1,1.836e+05,0,1.836e+05,0
3392.1,0,1.4879,0,1.3542e-11,1.7656,0,3.868e+09,7.5633e+05,3.8688e+09,1848.7,0.085863,0.092833,3418.7,1.1712e+18,3.5e-05,3.3856e-08,0.093349,195.97,-9.3306e+07,3109,2.6474e-12,10,1.6099e+19,0.1206,1,1.842e+05,0,1.842e+05,0
3391.5,0,1.487,0,-1.8409e-13,1.7729,0,3.8476e+09,7.7373e+05,3.8485e+09,1847.5,0.087102,0.094788,3418.6,1.1598e+18,3.5e-05,3.4559e-08,0.095214,195.09,-9.2996e+07,3107.6,2.7568e-12,10,1.5912e+19,0.12256,1,1.848e+05,0,1.848e+05,0
3390.9,0,1.486,0,-1.391e-11,1.7801,0,3.8273e+09,7.9113e+05,3.8281e+09,1846.4,0.08834,0.096744,3418.5,1.1483e+18,3.5e-05,3.5262e-08,0.097079,194.22,-9.2686e+07,3106.1,2.8663e-12,10,1.5725e+19,0.12452,1,1.854e+05,0,1.854e+05,0
3390.2,0,1.4851,0,-1.1576e-11,1.7889,0,3.8069e+09,8.0572e+05,3.8078e+09,1845.2,0.089813,0.098712,3418.4,1.1346e+18,3.5e-05,3.5969e-08,0.098973,193.34,-9.2371e+07,3104.6,3.0045e-12,10,1.5511e+19,0.12648,1,1.86e+05,0,1.86e+05,0
3389.5,0,1.4841,0,3.9582e-13,1.7985,0,3.7866e+09,8.1863e+05,3.7875e+09,1844.1,0.091427,0.10069,3418.3,1.1193e+18,3.5e-05,3.6679e-08,0.10089,192.46,-9.2052e+07,3103.1,3.1601e-12,10,1.528e+19,0.12845,1,1.866e+05,0,1.866e+05,0
3388.7,0,1.483,0,1.2367e-11,1.8082,0,3.7662e+09,8.3155e+05,3.7671e+09,1842.9,0.093041,0.10266,3418.2,1.1041e+18,3.5e-05,3.7388e-08,0.1028,191.59,-9.1733e+07,3101.6,3.3157e-12,10,1.5048e+19,0.13041,1,1.872e+05,0,1.872e+05,0
3388,0,1.482,0,1.2649e-11,1.8169,0,3.7459e+09,8.4191e+05,3.7468e+09,1841.8,0.094457,0.10465,3418,1.0913e+18,3.5e-05,3.81e-08,0.10469,190.7,-9.1409e+07,3100.1,3.4571e-12,10,1.4858e+19,0.13238,1,1.878e+05,0,1.878e+05,0
3387.4,0,1.4809,0,1.2416e-12,1.8246,0,3.7255e+09,8.4971e+05,3.7265e+09,1840.6,0.095675,0.10664,3417.9,1.081e+18,3.5e-05,3.8815e-08,0.10656,189.82,-9.1081e+07,3098.6,3.5845e-12,10,1.4709e+19,0.13435,1,1.884e+05,0,1.884e+05,0
3386.7,0,1.4798,0,-1.0166e-11,1.8323,0,3.7052e+09,8.5752e+05,3.7062e+09,1839.4,0.096894,0.10864,3417.8,1.0706e+18,3.5e-05,3.9531e-08,0.10844,188.94,-9.0754e+07,3097,3.7119e-12,10,1.456e+19,0.13632,1,1.89e+05,0,1.89e+05,0
3386.1,0,1.4787,0,-1.5827e-11,1.8405,0,3.6849e+09,8.68e+05,3.6858e+09,1838.3,0.09816,0.11064,3417.7,1.0598e+18,3.5e-05,4.0248e-08,0.11032,188.05,-9.0423e+07,3095.5,3.848e-12,10,1.4409e+19,0.1383,1,1.896e+05,0,1.896e+05,0
3385.4,0,1.4775,0,-1.1909e-11,1.8493,0,3.6646e+09,8.8295e+05,3.6655e+09,1837.1,0.099506,0.11265,3417.6,1.0485e+18,3.5e-05,4.0969e-08,0.11221,187.16,-9.0086e+07,3094,3.9988e-12,10,1.4254e+19,0.14028,1,1.902e+05,0,1.902e+05,0
3384.7,0,1.4763,0,-7.9921e-12,1.8582,0,3.6442e+09,8.9789e+05,3.6452e+09,1835.9,0.10085,0.11466,3417.5,1.0371e+18,3.5e-05,4.169e-08,0.1141,186.27,-8.975e+07,3092.5,4.1496e-12,10,1.4099e+19,0.14225,1,1.908e+05,0,1.908e+05,0
3384,0,1.4751,0,-4.0399e-12,1.8671,0,3.6239e+09,9.1152e+05,3.6249e+09,1834.8,0.1022,0.11667,3417.4,1.0258e+18,3.5e-05,4.2412e-08,0.11599,185.38,-8.9412e+07,3091,4.3039e-12,10,1.3946e+19,0.14423,1,1.914e+05,0,1.914e+05,0
3383.3,0,1.4738,0,1.7441e-14,1.8762,0,3.6036e+09,9.212e+05,3.6046e+09,1833.6,0.10357,0.1187,3417.2,1.0146e+18,3.5e-05,4.314e-08,0.11789,184.49,-8.9067e+07,3089.5,4.4685e-12,10,1.3801e+19,0.14622,1,1.92e+05,0,1.92e+05,0
3382.6,0,1.4726,0,4.0747e-12,1.8854,0,3.5833e+09,9.3089e+05,3.5843e+09,1832.4,0.10494,0.12073,3417.1,1.0034e+18,3.5e-05,4.3867e-08,0.11979,183.6,-8.8721e+07,3088,4.633e-12,10,1.3656e+19,0.14821,1,1.926e+05,0,1.926e+05,0
3381.9,0,1.4713,0,6.2959e-12,1.8944,0,3.563e+09,9.4042e+05,3.564e+09,1831.3,0.1063,0.12276,3417,9.9239e+17,3.5e-05,4.4595e-08,0.12169,182.71,-8.8375e+07,3086.4,4.7968e-12,10,1.3514e+19,0.1502,1,1.932e+05,0,1.932e+05,0
3381.2,0,1.4699,0,-4.3356e-12,1.903,0,3.5427e+09,9.4885e+05,3.5437e+09,1830.1,0.10753,0.1248,3416.9,9.8289e+17,3.5e-05,4.5328e-08,0.12357,181.81,-8.8021e+07,3084.9,4.9549e-12,10,1.3397e+19,0.15219,1,1.938e+05,0,1.938e+05,0
3380.5,0,1.4686,0,-1.4967e-11,1.9117,0,3.5224e+09,9.5729e+05,3.5235e+09,1828.9,0.10876,0.12684,3416.8,9.7338e+17,3.5e-05,4.6061e-08,0.12545,180.91,-8.7667e+07,3083.4,5.113e-12,10,1.3279e+19,0.15419,1,1.944e+05,0,1.944e+05,0
3379.8,0,1.4672,0,-2.5599e-11,1.9203,0,3.5021e+09,9.6572e+05,3.5032e+09,1827.8,0.11,0.12889,3416.7,9.6387e+17,3.5e-05,4.6794e-08,0.12734,180.02,-8.7313e+07,3081.9,5.2711e-12,10,1.3162e+19,0.15619,1,1.95e+05,0,1.95e+05,0
3379.1,0,1.4658,0,-3.4741e-12,1.9295,0,3.4818e+09,9.7574e+05,3.4829e+09,1826.6,0.11126,0.13095,3416.6,9.5441e+17,3.5e-05,4.7533e-08,0.12922,179.12,-8.695e+07,3080.3,5.4424e-12,10,1.305e+19,0.15819,1,1.956e+05,0,1.956e+05,0
3378.4,0,1.4644,0,1.865e-11,1.9387,0,3.4615e+09,9.8576e+05,3.4626e+09,1825.4,0.11252,0.133,3416.4,9.4495e+17,3.5e-05,4.8272e-08,0.13111,178.22,-8.6588e+07,3078.8,5.6137e-12,10,1.2938e+19,0.16019,1,1.962e+05,0,1.962e+05,0
3377.7,0,1.4629,0,4.0775e-11,1.9478,0,3.4412e+09,9.9578e+05,3.4424e+09,1824.2,0.11378,0.13506,3416.3,9.3549e+17,3.5e-05,4.901e-08,0.133,177.32,-8.6225e+07,3077.3,5.785e-12,10,1.2826e+19,0.16219,1,1.968e+05,0,1.968e+05,0
3377.1,0,1.4614,0,3.0483e-11,1.9567,0,3.421e+09,1.0066e+06,3.4221e+09,1823,0.11499,0.13714,3416.2,9.2679e+17,3.5e-05,4.9753e-08,0.13488,176.42,-8.5854e+07,3075.7,5.9568e-12,10,1.2727e+19,0.1642,1,1.974e+05,0,1.974e+05,0
3376.4,0,1.4599,0,1.556e-11,1.9654,0,3.4007e+09,1.0174e+06,3.4018e+09,1821.9,0.11618,0.13921,3416.1,9.1821e+17,3.5e-05,5.0497e-08,0.13675,175.51,-8.5483e+07,3074.2,6.1287e-12,10,1.263e+19,0.16621,1,1.98e+05,0,1.98e+05,0
3375.7,0,1.4584,0,6.376e-13,1.9742,0,3.3804e+09,1.0283e+06,3.3816e+09,1820.7,0.11738,0.14129,3416,9.0963e+17,3.5e-05,5.124e-08,0.13863,174.61,-8.5111e+07,3072.6,6.3006e-12,10,1.2532e+19,0.16822,1,1.986e+05,0,1.986e+05,0
3375,0,1.4568,0,-2.503e-12,1.9838,0,3.3602e+09,1.036e+06,3.3613e+09,1819.5,0.11866,0.14337,3415.9,9.005e+17,3.5e-05,5.1987e-08,0.14051,173.7,-8.4732e+07,3071.1,6.4924e-12,10,1.2431e+19,0.17024,1,1.992e+05,0,1.992e+05,0
3374.2,0,1.4552,0,-1.7161e-12,1.9937,0,3.3399e+09,1.0426e+06,3.3411e+09,1818.3,0.11997,0.14546,3415.8,8.9119e+17,3.5e-05,5.2735e-08,0.1424,172.79,-8.4352e+07,3069.6,6.6907e-12,10,1.2329e+19,0.17225,1,1.998e+05,0,1.998e+05,0
3373.5,0,1.4536,0,-9.2922e-13,2.0036,0,3.3197e+09,1.0493e+06,3.3209e+09,1817.1,0.12128,0.14756,3415.7,8.8189e+17,3.5e-05,5.3483e-08,0.14429,171.89,-8.3971e+07,3068,6.8891e-12,10,1.2227e+19,0.17426,1,2.004e+05,0,2.004e+05,0
3372.8,0,1.452,0,6.4533e-12,2.0125,0,3.2994e+09,1.0562e+06,3.3006e+09,1815.9,0.12244,0.14965,3415.5,8.7409e+17,3.5e-05,5.4234e-08,0.14615,170.98,-8.3584e+07,3066.5,7.0692e-12,10,1.2144e+19,0.17628,1,2.01e+05,0,2.01e+05,0
3372.1,0,1.4503,0,1.7793e-11,2.021,0,3.2792e+09,1.0634e+06,3.2804e+09,1814.8,0.1235,0.15176,3415.4,8.672e+17,3.5e-05,5.4986e-08,0.14799,170.07,-8.3195e+07,3064.9,7.2383e-12,10,1.2073e+19,0.1783,1,2.016e+05,0,2.016e+05,0
3371.5,0,1.4486,0,2.9133e-11,2.0295,0,3.2589e+09,1.0706e+06,3.2602e+09,1813.6,0.12456,0.15386,3415.3,8.6031e+17,3.5e-05,5.5738e-08,0.14983,169.15,-8.2805e+07,3063.4,7.4074e-12,10,1.2001e+19,0.18032,1,2.022e+05,0,2.022e+05,0
3370.8,0,1.4469,0,1.5843e-11,2.0384,0,3.2387e+09,1.0796e+06,3.2399e+09,1812.4,0.12569,0.15597,3415.2,8.5296e+17,3.5e-05,5.6492e-08,0.15168,168.24,-8.2411e+07,3061.8,7.5912e-12,10,1.1925e+19,0.18234,1,2.028e+05,0,2.028e+05,0
3370.1,0,1.4452,0,-2.2077e-11,2.0479,0,3.2185e+09,1.0905e+06,3.2197e+09,1811.2,0.12688,0.15809,3415.1,8.4516e+17,3.5e-05,5.7249e-08,0.15354,167.33,-8.2013e+07,3060.2,7.7898e-12,10,1.1846e+19,0.18437,1,2.034e+05,0,2.034e+05,0
3369.3,0,1.4434,0,-5.9996e-11,2.0575,0,3.1982e+09,1.1013e+06,3.1995e+09,1810,0.12808,0.16021,3415,8.3736e+17,3.5e-05,5.8006e-08,0.1554,166.41,-8.1614e+07,3058.7,7.9883e-12,10,1.1767e+19,0.18639,1,2.04e+05,0,2.04e+05,0
3368.6,0,1.4417,0,-6.5764e-11,2.0669,0,3.178e+09,1.1104e+06,3.1793e+09,1808.8,0.12927,0.16233,3414.9,8.2964e+17,3.5e-05,5.8764e-08,0.15725,165.5,-8.1212e+07,3057.1,8.1904e-12,10,1.1689e+19,0.18842,1,2.046e+05,0,2.046e+05,0
3367.9,0,1.4398,0,-1.7945e-11,2.0763,0,3.1578e+09,1.1163e+06,3.1591e+09,1807.6,0.13046,0.16446,3414.8,8.2207e+17,3.5e-05,5.9526e-08,0.15911,164.58,-8.0804e+07,3055.6,8.3983e-12,10,1.1615e+19,0.19045,1,2.052e+05,0,2.052e+05,0
3367.2,0,1.438,0,2.9875e-11,2.0857,0,3.1376e+09,1.1223e+06,3.1389e+09,1806.4,0.13166,0.16658,3414.7,8.145e+17,3.5e-05,6.0288e-08,0.16096,163.66,-8.0396e+07,3054,8.6062e-12,10,1.154e+19,0.19249,1,2.058e+05,0,2.058e+05,0
3366.4,0,1.4362,0,5.7836e-11,2.0951,0,3.1174e+09,1.1272e+06,3.1187e+09,1805.2,0.13283,0.16872,3414.5,8.071e+17,3.5e-05,6.105e-08,0.16281,162.75,-7.9986e+07,3052.4,8.8136e-12,10,1.1468e+19,0.19452,1,2.064e+05,0,2.064e+05,0
3365.7,0,1.4343,0,2.6221e-11,2.1045,0,3.0972e+09,1.1292e+06,3.0985e+09,1804,0.13397,0.17087,3414.4,8.0024e+17,3.5e-05,6.1817e-08,0.16464,161.83,-7.9569e+07,3050.8,9.0192e-12,10,1.1403e+19,0.19656,1,2.07e+05,0,2.07e+05,0
3365,0,1.4324,0,-5.3938e-12,2.1139,0,3.077e+09,1.1312e+06,3.0783e+09,1802.8,0.1351,0.17303,3414.3,7.9338e+17,3.5e-05,6.2583e-08,0.16647,160.91,-7.9151e+07,3049.3,9.2249e-12,10,1.1338e+19,0.1986,1,2.076e+05,0,2.076e+05,0
3364.3,0,1.4305,0,-3.1391e-11,2.1231,0,3.0568e+09,1.1336e+06,3.0581e+09,1801.6,0.13621,0.17518,3414.2,7.8671e+17,3.5e-05,6.335e-08,0.1683,159.99,-7.8733e+07,3047.7,9.4277e-12,10,1.1275e+19,0.20049,1,2.082e+05,0,2.082e+05,0
3363.6,0,1.4286,0,-1.8069e-11,2.131,0,3.0366e+09,1.1394e+06,3.0379e+09,1800.4,0.13717,0.17731,3414.1,7.8131e+17,3.5e-05,6.412e-08,0.1701,159.07,-7.8308e+07,3046.1,9.61e-12,10,1.1227e+19,0.20129,1,2.088e+05,0,2.088e+05,0
3363,0,1.4267,0,-4.7465e-12,2.1389,0,3.0164e+09,1.1452e+06,3.0178e+09,1799.2,0.13814,0.17945,3414,7.7591e+17,3.5e-05,6.489e-08,0.17189,158.14,-7.7882e+07,3044.5,9.7924e-12,10,1.1179e+19,0.20209,1,2.094e+05,0,2.094e+05,0
3362.3,0,1.4247,0,8.5759e-12,2.1467,0,2.9962e+09,1.151e+06,2.9976e+09,1798.1,0.13911,0.18158,3413.9,7.7051e+17,3.5e-05,6.566e-08,0.17368,157.22,-7.7456e+07,3043,9.9748e-12,10,1.1131e+19,0.20289,1,2.1e+05,0,2.1e+05,0
3361.5,0,1.4228,0,3.0187e-12,2.1571,0,2.9761e+09,1.1481e+06,2.9774e+09,1796.8,0.14044,0.18381,3413.8,7.6246e+17,3.5e-05,6.6433e-08,0.17552,156.29,-7.7021e+07,3041.4,1.0237e-11,10,1.1057e+19,0.20343,1,2.106e+05,0,2.106e+05,0
3360.7,0,1.4208,0,-2.5384e-12,2.1675,0,2.9559e+09,1.1452e+06,2.9572e+09,1795.6,0.14178,0.18603,3413.7,7.5441e+17,3.5e-05,6.7206e-08,0.17736,155.37,-7.6585e+07,3039.8,1.05e-11,10,1.0983e+19,0.20398,1,2.112e+05,0,2.112e+05,0
3359.8,0,1.4188,0,-8.0955e-12,2.1779,0,2.9357e+09,1.1423e+06,2.9371e+09,1794.4,0.14311,0.18826,3413.6,7.4637e+17,3.5e-05,6.7979e-08,0.1792,154.44,-7.6149e+07,3038.2,1.0762e-11,10,1.0909e+19,0.20452,1,2.118e+05,0,2.118e+05,0
3359.1,0,1.4169,0,-7.0044e-13,2.1841,0,2.9156e+09,1.1303e+06,2.9169e+09,1793.2,0.14407,0.19033,3413.4,7.4128e+17,3.5e-05,6.8754e-08,0.18099,153.51,-7.5707e+07,3036.6,1.0956e-11,10,1.0866e+19,0.2051,1,2.124e+05,0,2.124e+05,0
3358.5,0,1.4149,0,8.545e-12,2.1898,0,2.8955e+09,1.1169e+06,2.8968e+09,1792,0.14498,0.19238,3413.3,7.3662e+17,3.5e-05,6.9529e-08,0.18276,152.58,-7.5264e+07,3035,1.1141e-11,10,1.0828e+19,0.20568,1,2.13e+05,0,2.13e+05,0
3357.8,0,1.4129,0,1.779e-11,2.1954,0,2.8753e+09,1.1035e+06,2.8766e+09,1790.8,0.14589,0.19442,3413.2,7.3196e+17,3.5e-05,7.0305e-08,0.18454,151.66,-7.482e+07,3033.4,1.1326e-11,10,1.079e+19,0.20626,1,2.136e+05,0,2.136e+05,0
3356.9,0,1.4111,0,1.3889e-11,2.206,0,2.8552e+09,1.0691e+06,2.8565e+09,1789.6,0.14732,0.19679,3413.1,7.2368e+17,3.5e-05,7.1085e-08,0.18635,150.73,-7.4369e+07,3031.8,1.1627e-11,10,1.0717e+19,0.20686,1,2.142e+05,0,2.142e+05,0
3356,0,1.4092,0,5.6047e-12,2.2182,0,2.8351e+09,1.0275e+06,2.8363e+09,1788.4,0.14892,0.19928,3413,7.1419e+17,3.5e-05,7.1867e-08,0.18818,149.8,-7.3916e+07,3030.2,1.1967e-11,10,1.0631e+19,0.20747,1,2.148e+05,0,2.148e+05,0
3355.1,0,1.4074,0,-2.6794e-12,2.2304,0,2.815e+09,9.8599e+05,2.8162e+09,1787.2,0.15052,0.20176,3412.9,7.047e+17,3.5e-05,7.2648e-08,0.19,148.87,-7.3463e+07,3028.6,1.2307e-11,10,1.0546e+19,0.20809,1,2.154e+05,0,2.154e+05,0
3354.4,0,1.4057,0,-8.2218e-12,2.238,0,2.795e+09,9.3418e+05,2.7961e+09,1786.3,0.15131,0.2035,3412.8,7.0038e+17,3.5e-05,7.3237e-08,0.19131,148.23,-7.3006e+07,3027,1.2477e-11,10,1.0509e+19,0.20884,1,2.16e+05,0,2.16e+05,0
3353.9,0,1.4041,0,-1.2119e-11,2.2428,0,2.7749e+09,8.7621e+05,2.776e+09,1785.6,0.15162,0.20479,3412.6,6.9918e+17,3.5e-05,7.3709e-08,0.19231,147.76,-7.2547e+07,3025.3,1.2544e-11,10,1.0502e+19,0.20968,1,2.166e+05,0,2.166e+05,0
3353.4,0,1.4025,0,-1.6017e-11,2.2476,0,2.7549e+09,8.1824e+05,2.7558e+09,1784.8,0.15193,0.20608,3412.4,6.9797e+17,3.5e-05,7.4182e-08,0.19331,147.29,-7.2088e+07,3023.7,1.2611e-11,10,1.0495e+19,0.21052,1,2.172e+05,0,2.172e+05,0
3352.9,0,1.4011,0,-6.4764e-12,2.2522,0,2.7348e+09,7.7683e+05,2.7357e+09,1784.1,0.1521,0.2071,3412.3,6.9762e+17,3.5e-05,7.4561e-08,0.1941,146.88,-7.1627e+07,3022,1.2648e-11,10,1.0496e+19,0.21142,1,2.178e+05,0,2.178e+05,0
3352.5,0,1.3997,0,1.6502e-11,2.2564,0,2.7147e+09,7.5197e+05,2.7156e+09,1783.5,0.15213,0.20784,3412.1,6.9814e+17,3.5e-05,7.4846e-08,0.19467,146.51,-7.1162e+07,3020.3,1.2655e-11,10,1.0505e+19,0.21238,1,2.184e+05,0,2.184e+05,0
3352.1,0,1.3983,0,3.948e-11,2.2607,0,2.6946e+09,7.2712e+05,2.6955e+09,1782.8,0.15216,0.20859,3411.9,6.9866e+17,3.5e-05,7.5131e-08,0.19525,146.15,-7.0697e+07,3018.6,1.2661e-11,10,1.0514e+19,0.21335,1,2.19e+05,0,2.19e+05,0
3351.5,0,1.397,0,4.035e-11,2.2674,0,2.6745e+09,7.0386e+05,2.6754e+09,1782.2,0.15246,0.20939,3411.7,6.9735e+17,3.5e-05,7.5429e-08,0.19591,145.76,-7.0229e+07,3017,1.2728e-11,10,1.0505e+19,0.21432,1,2.196e+05,0,2.196e+05,0
3350.9,0,1.3958,0,4.3737e-12,2.278,0,2.6544e+09,6.8326e+05,2.6552e+09,1781.5,0.15321,0.21028,3411.6,6.9299e+17,3.5e-05,7.5748e-08,0.1967,145.34,-6.9756e+07,3015.3,1.2894e-11,10,1.0466e+19,0.21533,1,2.202e+05,0,2.202e+05,0
3350.2,0,1.3946,0,-3.1603e-11,2.2886,0,2.6344e+09,6.6266e+05,2.6351e+09,1780.8,0.15396,0.21117,3411.4,6.8864e+17,3.5e-05,7.6068e-08,0.19749,144.93,-6.9283e+07,3013.6,1.3061e-11,10,1.0428e+19,0.21633,1,2.208e+05,0,2.208e+05,0
3349.5,0,1.3934,0,-5.7702e-11,2.2979,0,2.6143e+09,6.4372e+05,2.615e+09,1780.1,0.15449,0.21207,3411.2,6.858e+17,3.5e-05,7.6393e-08,0.19824,144.5,-6.8809e+07,3011.9,1.3179e-11,10,1.0404e+19,0.21735,1,2.214e+05,0,2.214e+05,0
3349.2,0,1.3923,0,-5.4171e-11,2.3036,0,2.5942e+09,6.2975e+05,2.5949e+09,1779.4,0.15437,0.21302,3411.1,6.8753e+17,3.5e-05,7.6735e-08,0.19887,144.04,-6.833e+07,3010.2,1.3153e-11,10,1.0426e+19,0.21839,1,2.22e+05,0,2.22e+05,0
3348.8,0,1.3911,0,-5.0639e-11,2.3092,0,2.5741e+09,6.1578e+05,2.5748e+09,1778.6,0.15425,0.21397,3410.9,6.8925e+17,3.5e-05,7.7077e-08,0.19949,143.59,-6.7851e+07,3008.6,1.3126e-11,10,1.0448e+19,0.21942,1,2.226e+05,0,2.226e+05,0
3348.5,0,1.39,0,-4.1809e-11,2.3141,0,2.554e+09,6.0995e+05,2.5548e+09,1777.9,0.15407,0.21493,3410.7,6.9137e+17,3.5e-05,7.7422e-08,0.20011,143.14,-6.7372e+07,3006.9,1.3087e-11,10,1.0473e+19,0.22047,1,2.232e+05,0,2.232e+05,0
3348.3,0,1.3887,0,4.1119e-12,2.3135,0,2.5339e+09,6.6118e+05,2.5347e+09,1777.2,0.15351,0.21595,3410.6,6.9625e+17,3.5e-05,7.7786e-08,0.20067,142.67,-6.6889e+07,3005.2,1.2961e-11,10,1.0526e+19,0.22155,1,2.238e+05,0,2.238e+05,0
3348.2,0,1.3875,0,5.0033e-11,2.3129,0,2.5137e+09,7.1241e+05,2.5146e+09,1776.4,0.15294,0.21696,3410.4,7.0113e+17,3.5e-05,7.815e-08,0.20122,142.21,-6.6405e+07,3003.5,1.2836e-11,10,1.0579e+19,0.22263,1,2.244e+05,0,2.244e+05,0
3348,0,1.3863,0,9.5954e-11,2.3123,0,2.4936e+09,7.6363e+05,2.4945e+09,1775.7,0.15238,0.21797,3410.2,7.0602e+17,3.5e-05,7.8514e-08,0.20177,141.75,-6.5922e+07,3001.8,1.271e-11,10,1.0632e+19,0.2237,1,2.25e+05,0,2.25e+05,0
3347,0,1.3847,0,6.7914e-11,2.3214,0,2.4735e+09,8.1459e+05,2.4744e+09,1775,0.15383,0.21905,3410.1,6.9689e+17,3.5e-05,7.89e-08,0.20284,141.3,-6.5429e+07,3000.1,1.3037e-11,10,1.0548e+19,0.22483,1,2.256e+05,0,2.256e+05,0
3346,0,1.3832,0,3.9874e-11,2.3305,0,2.4533e+09,8.6554e+05,2.4544e+09,1774.2,0.15528,0.22012,3409.9,6.8776e+17,3.5e-05,7.9285e-08,0.20391,140.84,-6.4937e+07,2998.4,1.3363e-11,10,1.0463e+19,0.22596,1,2.262e+05,0,2.262e+05,0
3345,0,1.3817,0,1.1834e-11,2.3396,0,2.4332e+09,9.165e+05,2.4343e+09,1773.5,0.15673,0.22119,3409.8,6.7863e+17,3.5e-05,7.9671e-08,0.20498,140.39,-6.4444e+07,2996.7,1.369e-11,10,1.0378e+19,0.22708,1,2.268e+05,0,2.268e+05,0
3343.9,0,1.3802,0,-4.3658e-11,2.3494,0,2.4132e+09,8.7757e+05,2.4142e+09,1772.8,0.15853,0.22233,3409.6,6.6757e+17,3.5e-05,8.0074e-08,0.20618,139.95,-6.3944e+07,2995,1.4112e-11,10,1.0276e+19,0.22825,1,2.274e+05,0,2.274e+05,0
3342.7,0,1.3786,0,-1.0307e-10,2.3593,0,2.3932e+09,8.258e+05,2.3942e+09,1772.1,0.16037,0.22347,3409.4,6.5624e+17,3.5e-05,8.0481e-08,0.20738,139.51,-6.3443e+07,2993.3,1.4548e-11,10,1.0171e+19,0.22942,1,2.28e+05,0,2.28e+05,0
3341.5,0,1.3771,0,-1.6249e-10,2.3691,0,2.3732e+09,7.7403e+05,2.3741e+09,1771.4,0.16222,0.2246,3409.3,6.4491e+17,3.5e-05,8.0888e-08,0.20859,139.07,-6.2942e+07,2991.6,1.4984e-11,10,1.0066e+19,0.2306,1,2.286e+05,0,2.286e+05,0
3340.9,0,1.3758,0,-9.0323e-11,2.3733,0,2.3532e+09,6.9006e+05,2.354e+09,1770.6,0.16268,0.22577,3409.1,6.4279e+17,3.5e-05,8.1294e-08,0.20945,138.58,-6.2439e+07,2989.9,1.5093e-11,10,1.0051e+19,0.23176,1,2.292e+05,0,2.292e+05,0
3340.5,0,1.3746,0,2.5699e-11,2.3756,0,2.3333e+09,5.9536e+05,2.334e+09,1769.8,0.16268,0.22694,3408.9,6.4374e+17,3.5e-05,8.1699e-08,0.21018,138.07,-6.1934e+07,2988.2,1.5093e-11,10,1.0066e+19,0.23291,1,2.298e+05,0,2.298e+05,0
3340.1,0,1.3735,0,1.4172e-10,2.3779,0,2.3133e+09,5.0066e+05,2.3139e+09,1769.1,0.16268,0.22811,3408.8,6.4468e+17,3.5e-05,8.2105e-08,0.21092,137.57,-6.143e+07,2986.5,1.5093e-11,10,1.0081e+19,0.23407,1,2.304e+05,0,2.304e+05,0
3339.8,0,1.3726,0,1.3223e-10,2.383,0,2.2934e+09,4.3252e+05,2.2939e+09,1768.1,0.16234,0.2292,3408.6,6.4819e+17,3.5e-05,8.2478e-08,0.2115,136.9,-6.0923e+07,2984.8,1.5011e-11,10,1.0122e+19,0.23512,1,2.31e+05,0,2.31e+05,0
3339.7,0,1.3719,0,4.7423e-11,2.3898,0,2.2734e+09,3.8031e+05,2.2738e+09,1767.1,0.1618,0.23024,3408.5,6.5323e+17,3.5e-05,8.2831e-08,0.21199,136.15,-6.0414e+07,2983.1,1.488e-11,10,1.0179e+19,0.23611,1,2.316e+05,0,2.316e+05,0
3339.5,0,1.3712,0,-3.738e-11,2.3966,0,2.2534e+09,3.281e+05,2.2538e+09,1766.1,0.16125,0.23128,3408.4,6.5826e+17,3.5e-05,8.3185e-08,0.21248,135.39,-5.9905e+07,2981.4,1.4748e-11,10,1.0237e+19,0.2371,1,2.322e+05,0,2.322e+05,0
3339.4,0,1.3705,0,-5.5383e-11,2.4048,0,2.2334e+09,3.1185e+05,2.2338e+09,1764.9,0.16058,0.23223,3408.3,6.6434e+17,3.5e-05,8.3521e-08,0.21291,134.56,-5.9394e+07,2979.7,1.4589e-11,10,1.0305e+19,0.23803,1,2.328e+05,0,2.328e+05,0
3339.4,0,1.3699,0,-6.5862e-12,2.4145,0,2.2133e+09,3.3156e+05,2.2137e+09,1763.8,0.1598,0.23309,3408.2,6.7145e+17,3.5e-05,8.384e-08,0.21329,133.65,-5.888e+07,2978,1.4404e-11,10,1.0385e+19,0.23891,1,2.334e+05,0,2.334e+05,0
3339.4,0,1.3693,0,4.2211e-11,2.4242,0,2.1933e+09,3.5127e+05,2.1937e+09,1762.6,0.15901,0.23396,3408,6.7856e+17,3.5e-05,8.4159e-08,0.21367,132.74,-5.8366e+07,2976.3,1.4219e-11,10,1.0464e+19,0.23978,1,2.34e+05,0,2.34e+05,0
3339.4,0,1.3685,0,5.1413e-11,2.4304,0,2.1732e+09,4.1618e+05,2.1737e+09,1761.6,0.15804,0.23491,3407.9,6.867e+17,3.5e-05,8.4532e-08,0.2141,132.01,-5.785e+07,2974.6,1.3992e-11,10,1.0551e+19,0.24082,1,2.346e+05,0,2.346e+05,0
3339.6,0,1.3675,0,-5.3753e-12,2.4308,0,2.153e+09,5.5644e+05,2.1536e+09,1760.9,0.15675,0.23603,3407.7,6.9654e+17,3.5e-05,8.4994e-08,0.21464,131.6,-5.7331e+07,2972.9,1.3696e-11,10,1.0652e+19,0.24212,1,2.352e+05,0,2.352e+05,0
3339.7,0,1.3664,0,-6.2163e-11,2.4313,0,2.1328e+09,6.9669e+05,2.1336e+09,1760.2,0.15546,0.23714,3407.6,7.0637e+17,3.5e-05,8.5456e-08,0.21518,131.19,-5.6813e+07,2971.1,1.3401e-11,10,1.0753e+19,0.24342,1,2.358e+05,0,2.358e+05,0
3339.6,0,1.3652,0,-9.2253e-11,2.4326,0,2.1126e+09,8.5541e+05,2.1136e+09,1759.8,0.15468,0.23849,3407.4,7.1203e+17,3.5e-05,8.5999e-08,0.21598,131.05,-5.6291e+07,2969.4,1.3223e-11,10,1.0809e+19,0.24496,1,2.364e+05,0,2.364e+05,0
3338.7,0,1.3631,0,-4.2247e-11,2.4365,0,2.0923e+09,1.0695e+06,2.0936e+09,1760.2,0.15546,0.24054,3407.1,7.0515e+17,3.5e-05,8.6785e-08,0.21757,131.69,-5.5763e+07,2967.5,1.3399e-11,10,1.0734e+19,0.24721,1,2.37e+05,0,2.37e+05,0
3337.9,0,1.3611,0,7.7588e-12,2.4404,0,2.072e+09,1.2836e+06,2.0736e+09,1760.5,0.15623,0.24259,3406.8,6.9827e+17,3.5e-05,8.7571e-08,0.21917,132.33,-5.5234e+07,2965.6,1.3575e-11,10,1.0659e+19,0.24946,1,2.376e+05,0,2.376e+05,0
3336.8,0,1.359,0,5.305e-11,2.4465,0,2.0518e+09,1.4787e+06,2.0536e+09,1760.9,0.15738,0.24472,3406.5,6.8902e+17,3.5e-05,8.8361e-08,0.22086,132.98,-5.4702e+07,2963.8,1.3843e-11,10,1.0561e+19,0.25172,1,2.382e+05,0,2.382e+05,0
3334.6,0,1.3561,0,6.534e-11,2.4676,0,2.0317e+09,1.5406e+06,2.0336e+09,1761.3,0.16114,0.24742,3406.2,6.6319e+17,3.5e-05,8.9189e-08,0.22315,133.62,-5.4151e+07,2961.9,1.4756e-11,10,1.0305e+19,0.25407,1,2.388e+05,0,2.388e+05,0
3332.4,0,1.3532,0,7.7629e-11,2.4888,0,2.0117e+09,1.6025e+06,2.0136e+09,1761.6,0.16491,0.25011,3405.9,6.3736e+17,3.5e-05,9.0016e-08,0.22545,134.25,-5.3599e+07,2960.1,1.5669e-11,10,1.0048e+19,0.25642,1,2.394e+05,0,2.394e+05,0
3330.1,0,1.3503,0,8.9918e-11,2.5099,0,1.9916e+09,1.6644e+06,1.9936e+09,1762,0.16867,0.2528,3405.6,6.1152e+17,3.5e-05,9.0843e-08,0.22774,134.89,-5.3047e+07,2958.2,1.6582e-11,10,9.7921e+18,0.25876,1,2.4e+05,0,2.4e+05,0
3329.3,0,1.3473,0,1.0873e-11,2.5096,0,1.9717e+09,1.5925e+06,1.9736e+09,1760.2,0.16982,0.25367,3405.6,6.0742e+17,3.5e-05,9.0985e-08,0.22815,133.33,-5.2491e+07,2956.5,1.6881e-11,10,9.7723e+18,0.2591,1,2.406e+05,0,2.406e+05,0
3328.5,0,1.3443,0,-6.8171e-11,2.5092,0,1.9518e+09,1.5207e+06,1.9537e+09,1758.3,0.17098,0.25454,3405.5,6.0331e+17,3.5e-05,9.1126e-08,0.22856,131.77,-5.1935e+07,2954.9,1.7179e-11,10,9.7525e+18,0.25943,1,2.412e+05,0,2.412e+05,0
3327.7,0,1.3412,0,-1.4722e-10,2.5088,0,1.9319e+09,1.4488e+06,1.9337e+09,1756.5,0.17213,0.25541,3405.5,5.992e+17,3.5e-05,9.1268e-08,0.22897,130.21,-5.1378e+07,2953.3,1.7477e-11,10,9.7327e+18,0.25976,1,2.418e+05,0,2.418e+05,0
3327.4,0,1.3385,0,-8.4378e-11,2.5006,0,1.912e+09,1.3921e+06,1.9137e+09,1753.3,0.17234,0.25459,3405.6,6.0325e+17,3.5e-05,9.1017e-08,0.22863,127.33,-5.0823e+07,2951.7,1.7531e-11,10,9.8072e+18,0.25895,1,2.424e+05,0,2.424e+05,0
3327.2,0,1.3359,0,-1.2714e-12,2.4914,0,1.8921e+09,1.3377e+06,1.8937e+09,1750,0.17241,0.25354,3405.8,6.0847e+17,3.5e-05,9.071e-08,0.2282,124.28,-5.0268e+07,2950.2,1.7551e-11,10,9.8951e+18,0.25797,1,2.43e+05,0,2.43e+05,0
3327.1,0,1.3333,0,8.1835e-11,2.4821,0,1.8722e+09,1.2832e+06,1.8738e+09,1746.7,0.17249,0.25249,3405.9,6.1369e+17,3.5e-05,9.0403e-08,0.22776,121.22,-4.9712e+07,2948.7,1.757e-11,10,9.9831e+18,0.25699,1,2.436e+05,0,2.436e+05,0
3325.5,0,1.3311,0,6.7704e-11,2.4975,0,1.8524e+09,1.1523e+06,1.8538e+09,1744.5,0.17528,0.25226,3406,6.0087e+17,3.5e-05,9.044e-08,0.2287,119.26,-4.915e+07,2947.1,1.834e-11,10,9.8884e+18,0.25702,1,2.442e+05,0,2.442e+05,0
3323.5,0,1.3292,0,2.116e-11,2.5211,0,1.8326e+09,9.9594e+05,1.8338e+09,1742.6,0.17899,0.25231,3405.9,5.8204e+17,3.5e-05,9.0592e-08,0.23011,117.66,-4.8586e+07,2945.5,1.936e-11,10,9.7328e+18,0.25738,1,2.448e+05,0,2.448e+05,0
3321.5,0,1.3273,0,-2.5384e-11,2.5447,0,1.8129e+09,8.3956e+05,1.8139e+09,1740.7,0.18269,0.25235,3405.9,5.632e+17,3.5e-05,9.0743e-08,0.23152,116.07,-4.8022e+07,2943.8,2.038e-11,10,9.5773e+18,0.25774,1,2.454e+05,0,2.454e+05,0
3320.2,0,1.3261,0,-3.2541e-11,2.5628,0,1.7932e+09,6.0757e+05,1.7939e+09,1740.7,0.18422,0.25368,3405.7,5.539e+17,3.5e-05,9.1449e-08,0.23334,116.3,-4.7458e+07,2941.9,2.0804e-11,10,9.4869e+18,0.25972,1,2.46e+05,0,2.46e+05,0
3319.4,0,1.3254,0,-1.6067e-11,2.5777,0,1.7736e+09,3.302e+05,1.774e+09,1741.7,0.18446,0.25577,3405.3,5.5032e+17,3.5e-05,9.2488e-08,0.23542,117.63,-4.6894e+07,2940,2.0872e-11,10,9.4357e+18,0.26267,1,2.466e+05,0,2.466e+05,0
3318.7,0,1.3247,0,4.0771e-13,2.5926,0,1.754e+09,52831,1.754e+09,1742.8,0.18469,0.25787,3404.9,5.4675e+17,3.5e-05,9.3527e-08,0.2375,118.96,-4.633e+07,2938,2.0939e-11,10,9.3845e+18,0.26563,1,2.472e+05,0,2.472e+05,0
3318.9,0,1.3246,0,1.0535e-11,2.6019,0,1.7342e+09,-1.4348e+05,1.7341e+09,1745.7,0.18237,0.26197,3404.3,5.5457e+17,3.5e-05,9.5241e-08,0.2398,122.1,-4.5756e+07,2935.8,2.0308e-11,10,9.4174e+18,0.27051,1,2.478e+05,0,2.478e+05,0
3320.1,0,1.3252,0,1.4316e-11,2.6055,0,1.7145e+09,-2.5874e+05,1.7141e+09,1750.3,0.1775,0.26808,3403.5,5.738e+17,3.5e-05,9.763e-08,0.24232,127.04,-4.5174e+07,2933.5,1.8976e-11,10,9.5342e+18,0.27732,1,2.484e+05,0,2.484e+05,0
3321.3,0,1.3257,0,1.8097e-11,2.6092,0,1.6947e+09,-3.7401e+05,1.6942e+09,1755,0.17262,0.27419,3402.7,5.9303e+17,3.5e-05,1.0002e-07,0.24484,131.98,-4.4591e+07,2931.1,1.7645e-11,10,9.6511e+18,0.28413,1,2.49e+05,0,2.49e+05,0
3322.4,0,1.3259,0,1.6395e-11,2.6019,0,1.6747e+09,-3.1435e+05,1.6743e+09,1761.1,0.16763,0.28202,3401.7,6.1087e+17,3.5e-05,1.0314e-07,0.24825,138.38,-4.4001e+07,2928.6,1.6347e-11,10,9.7422e+18,0.29302,1,2.496e+05,0,2.496e+05,0
3323.4,0,1.3256,0,5.5543e-12,2.5766,0,1.6543e+09,36841,1.6544e+09,1769.7,0.16243,0.29272,3400.4,6.2638e+17,3.5e-05,1.075e-07,0.25314,147.19,-4.34e+07,2925.9,1.5102e-11,10,9.7906e+18,0.30538,1,2.502e+05,0,2.502e+05,0
3324.3,0,1.3254,0,-5.2864e-12,2.5512,0,1.634e+09,3.8803e+05,1.6345e+09,1778.2,0.15724,0.30342,3399.2,6.419e+17,3.5e-05,1.1185e-07,0.25803,156.01,-4.2799e+07,2923.1,1.3858e-11,10,9.8389e+18,0.31773,1,2.508e+05,0,2.508e+05,0
3324,0,1.3245,0,-1.2858e-11,2.5477,0,1.6137e+09,7.4928e+05,1.6146e+09,1787.4,0.1546,0.31585,3397.8,6.4132e+17,3.5e-05,1.1668e-07,0.26376,165.47,-4.2188e+07,2920.3,1.3223e-11,10,9.7276e+18,0.33142,1,2.514e+05,0,2.514e+05,0
3319.8,0,1.3217,0,-1.0621e-11,2.6097,0,1.5933e+09,1.1407e+06,1.5947e+09,1798.5,0.1596,0.33347,3396.2,5.9247e+17,3.5e-05,1.2295e-07,0.27199,176.83,-4.1551e+07,2917.3,1.4419e-11,10,9.1371e+18,0.34913,1,2.52e+05,0,2.52e+05,0
3315.6,0,1.319,0,-8.3842e-12,2.6716,0,1.573e+09,1.5321e+06,1.5748e+09,1809.6,0.1646,0.35109,3394.7,5.4361e+17,3.5e-05,1.2921e-07,0.28023,188.19,-4.0913e+07,2914.3,1.5615e-11,10,8.5467e+18,0.36685,1,2.526e+05,0,2.526e+05,0
3311.5,0,1.316,0,-5.4912e-12,2.741,0,1.5527e+09,1.8758e+06,1.555e+09,1819.7,0.16963,0.36814,3393.2,4.9728e+17,3.5e-05,1.3503e-07,0.2876,198.57,-4.0267e+07,2911.4,1.6837e-11,10,7.992e+18,0.38329,1,2.532e+05,0,2.532e+05,0
3308,0,1.3118,0,1.9954e-12,2.8623,0,1.5329e+09,1.885e+06,1.5352e+09,1823,0.17481,0.38129,3392.6,4.6869e+17,3.5e-05,1.3772e-07,0.28887,202.14,-3.9558e+07,2909.1,1.825e-11,10,7.6875e+18,0.39081,1,2.538e+05,0,2.538e+05,0
3304.6,0,1.3075,0,9.4819e-12,2.9837,0,1.5131e+09,1.8943e+06,1.5154e+09,1826.3,0.17999,0.39443,3391.9,4.4009e+17,3.5e-05,1.4041e-07,0.29014,205.7,-3.885e+07,2906.9,1.9663e-11,10,7.383e+18,0.39834,1,2.544e+05,0,2.544e+05,0
3301.2,0,1.3032,0,1.6968e-11,3.105,0,1.4933e+09,1.9036e+06,1.4956e+09,1829.5,0.18517,0.40758,3391.3,4.1149e+17,3.5e-05,1.431e-07,0.29141,209.26,-3.8142e+07,2904.7,2.1076e-11,10,7.0784e+18,0.40587,1,2.55e+05,0,2.55e+05,0
3312.1,0,1.2951,0,9.5063e-12,2.799,0,1.4722e+09,2.9561e+06,1.4757e+09,1815.8,0.16509,0.39131,3392.7,5.6053e+17,3.5e-05,1.3714e-07,0.27984,195.78,-3.7578e+07,2904.2,1.6593e-11,10,8.7133e+18,0.38889,1,2.556e+05,0,2.556e+05,0
3323.1,0,1.287,0,2.0442e-12,2.493,0,1.4511e+09,4.0086e+06,1.4557e+09,1802,0.14502,0.37504,3394.1,7.0956e+17,3.5e-05,1.3118e-07,0.26827,182.3,-3.7015e+07,2903.7,1.2111e-11,10,1.0348e+19,0.37192,1,2.562e+05,0,2.562e+05,0
3334,0,1.2789,0,-5.418e-12,2.187,0,1.43e+09,5.0611e+06,1.4358e+09,1788.3,0.12495,0.35877,3395.5,8.586e+17,3.5e-05,1.2522e-07,0.2567,168.82,-3.6451e+07,2903.2,7.6283e-12,10,1.1983e+19,0.35494,1,2.568e+05,0,2.568e+05,0
3326.6,0,1.2678,0,-4.8064e-12,2.322,0,1.4091e+09,6.0218e+06,1.4162e+09,1760.6,0.14535,0.33863,3398.5,7.7555e+17,3.5e-05,1.1574e-07,0.24857,141.38,-3.554e+07,2904.2,1.2644e-11,10,1.1492e+19,0.32769,1,2.574e+05,0,2.574e+05,0
3316.5,0,1.2563,0,-3.0414e-12,2.52,0,1.3882e+09,6.9695e+06,1.3967e+09,1730.9,0.17154,0.31794,3401.8,6.5934e+17,3.5e-05,1.0574e-07,0.24093,111.94,-3.4581e+07,2905.3,1.9017e-11,10,1.0697e+19,0.29899,1,2.58e+05,0,2.58e+05,0
3306.5,0,1.2447,0,-1.2764e-12,2.718,0,1.3672e+09,7.9172e+06,1.3771e+09,1701.2,0.19772,0.29725,3405.2,5.4314e+17,3.5e-05,9.5751e-08,0.23328,82.505,-3.3621e+07,2906.5,2.539e-11,10,9.9022e+18,0.27028,1,2.586e+05,0,2.586e+05,0
3287.8,0,1.2303,0,5.3074e-11,2.6975,0,1.3481e+09,7.463e+06,1.3578e+09,1673.2,0.24023,0.25854,3408.3,4.2652e+17,3.5e-05,8.1612e-08,0.21505,54.816,-3.2431e+07,2907.5,4.2737e-11,10,9.1198e+18,0.2316,1,2.592e+05,0,2.592e+05,0
3266.1,0,1.2149,0,1.2495e-10,2.6041,0,1.3295e+09,6.5415e+06,1.3386e+09,1645.8,0.28818,0.21382,3411.3,3.0978e+17,3.5e-05,6.6091e-08,0.19328,27.709,-3.1164e+07,2908.4,6.3741e-11,10,8.3416e+18,0.1896,1,2.598e+05,0,2.598e+05,0
3244.5,0,1.1995,0,1.9683e-10,2.5107,0,1.311e+09,5.6201e+06,1.3194e+09,1618.4,0.33613,0.1691,3414.3,1.9303e+17,3.5e-05,5.057e-08,0.17151,0.60299,-2.9897e+07,2909.3,8.4745e-11,10,7.5634e+18,0.14761,1,2.604e+05,0,2.604e+05,0
3224.3,0,1.187,0,1.7403e-10,2.3989,0,1.2927e+09,4.5461e+06,1.2999e+09,1597,0.379,0.12967,3416.6,1.2959e+17,3.5e-05,3.804e-08,0.14213,-20.54,-2.8905e+07,2909.6,1.039e-10,10,7.0926e+18,0.11262,1,2.61e+05,0,2.61e+05,0
3205.1,0,1.1763,0,9.4429e-11,2.2761,0,1.2747e+09,3.3806e+06,1.2802e+09,1579.2,0.41882,0.093413,3418.5,9.8139e+16,3.5e-05,2.7304e-08,0.1082,-38.105,-2.8078e+07,2909.5,1.2193e-10,10,6.8061e+18,0.081842,1,2.616e+05,0,2.616e+05,0
3185.9,0,1.1655,0,1.4825e-11,2.1533,0,1.2566e+09,2.2152e+06,1.2606e+09,1561.4,0.45863,0.057156,3420.4,6.6689e+16,3.5e-05,1.6568e-08,0.074269,-55.67,-2.7251e+07,2909.4,1.3997e-10,10,6.5197e+18,0.051063,1,2.622e+05,0,2.622e+05,0
3165.7,0,1.1626,0,-2.0138e-11,2.0554,0,1.2387e+09,1.1626e+06,1.2408e+09,1545,0.49954,0.032383,3422.1,4.5339e+16,3.5e-05,9.4075e-09,0.048134,-71.802,-2.6585e+07,2909.1,1.5277e-10,10,6.2792e+18,0.029966,1,2.628e+05,0,2.628e+05,0
3144.6,0,1.1675,0,-1.0459e-11,1.9823,0,1.2208e+09,2.2282e+05,1.2208e+09,1530,0.54154,0.019092,3423.6,3.4091e+16,3.5e-05,5.8237e-09,0.029797,-86.501,-2.6081e+07,2908.7,1.6034e-10,10,6.0848e+18,0.01855,1,2.634e+05,0,2.634e+05,0
3123.4,0,1.1725,0,-7.8062e-13,1.9093,0,1.2029e+09,-7.1691e+05,1.2008e+09,1515,0.58354,0.0058017,3425.2,2.2843e+16,3.5e-05,2.2399e-09,0.01146,-101.2,-2.5577e+07,2908.3,1.679e-10,10,5.8903e+18,0.0071348,1,2.64e+05,0,2.64e+05,0
3106.1,0,1.1791,0,9.7689e-12,1.8486,0,1.185e+09,-1.555e+06,1.1808e+09,1499.9,0.61776,-0.0025829,3426.7,1.5046e+16,3.5e-05,0,0,-116.07,-2.5143e+07,2907.8,1.7136e-10,10,5.7996e+18,0,1,2.646e+05,0,2.646e+05,0
3095.3,0,1.1887,0,2.177e-11,1.8085,0,1.1671e+09,-2.2238e+06,1.1606e+09,1484.4,0.639,-0.0027911,3428.3,1.3004e+16,3.5e-05,0,0,-131.24,-2.4824e+07,2907.4,1.6799e-10,10,5.8817e+18,0,1,2.652e+05,0,2.652e+05,0
3084.6,0,1.1983,0,3.3771e-11,1.7684,0,1.1492e+09,-2.8926e+06,1.1404e+09,1469,0.66025,-0.0029992,3429.9,1.0961e+16,3.5e-05,0,0,-146.4,-2.4505e+07,2907,1.6462e-10,10,5.9638e+18,0,1,2.658e+05,0,2.658e+05,0
3076.1,0,1.2076,0,4.1196e-11,1.735,0,1.1313e+09,-3.5407e+06,1.1204e+09,1453.7,0.6769,-0.0030093,3431.5,9.4698e+15,3.5e-05,0,0,-161.46,-2.41e+07,2906.5,1.6188e-10,10,6.0922e+18,0,1,2.664e+05,0,2.664e+05,0
3074.8,0,1.216,0,3.489e-11,1.7218,0,1.1135e+09,-4.1266e+06,1.1006e+09,1438.6,0.67981,-0.0024257,3433,9.6319e+15,3.5e-05,0,0,-176.22,-2.3434e+07,2906.1,1.6101e-10,10,6.3594e+18,0,1,2.67e+05,0,2.67e+05,0
3073.4,0,1.2244,0,2.8585e-11,1.7085,0,1.0956e+09,-4.7125e+06,1.0808e+09,1423.6,0.68271,-0.001842,3434.6,9.794e+15,3.5e-05,0,0,-190.98,-2.2769e+07,2905.6,1.6014e-10,10,6.6266e+18,0,1,2.676e+05,0,2.676e+05,0
3072.7,0,1.2337,0,2.3561e-11,1.6969,0,1.0778e+09,-5.3093e+06,1.061e+09,1408.5,0.68451,-0.001303,3436.1,1.0093e+16,3.5e-05,0,0,-205.78,-2.2066e+07,2905.2,1.5959e-10,10,6.9126e+18,0,1,2.682e+05,0,2.682e+05,0
3076.1,0,1.2492,0,2.7508e-11,1.696,0,1.06e+09,-5.9821e+06,1.0415e+09,1393.1,0.67857,-0.0010761,3437.7,1.1346e+16,3.5e-05,0,0,-220.91,-2.1105e+07,2904.8,1.6126e-10,10,7.3306e+18,0,1,2.688e+05,0,2.688e+05,0
3079.5,0,1.2647,0,3.1455e-11,1.6951,0,1.0422e+09,-6.6549e+06,1.022e+09,1377.7,0.67264,-0.0008493,3439.3,1.26e+16,3.5e-05,0,0,-236.04,-2.0144e+07,2904.4,1.6293e-10,10,7.7486e+18,0,1,2.694e+05,0,2.694e+05,0
3082.9,0,1.2801,0,3.5402e-11,1.6942,0,1.0245e+09,-7.3277e+06,1.0025e+09,1362.3,0.6667,-0.00062246,3440.9,1.3854e+16,3.5e-05,0,0,-251.17,-1.9183e+07,2904,1.646e-10,10,8.1666e+18,0,1,2.7e+05,0,2.7e+05,0
3090.9,0,1.298,0,2.9644e-11,1.6972,0,1.0067e+09,-8.1812e+06,9.8331e+08,1345.8,0.65279,-0.00055619,3442.6,1.7438e+16,3.5e-05,0,0,-267.44,-1.7877e+07,2903.7,1.6691e-10,10,8.8273e+18,0,1,2.706e+05,0,2.706e+05,0
3098.8,0,1.3159,0,2.3886e-11,1.7001,0,9.8904e+08,-9.0347e+06,9.6415e+08,1329.3,0.63889,-0.00048991,3444.4,2.1022e+16,3.5e-05,0,0,-283.7,-1.6571e+07,2903.4,1.6922e-10,10,9.488e+18,0,1,2.712e+05,0,2.712e+05,0
3106.8,0,1.3338,0,1.8128e-11,1.703,0,9.7134e+08,-9.8883e+06,9.4499e+08,1312.7,0.62499,-0.00042364,3446.1,2.4607e+16,3.5e-05,0,0,-299.97,-1.5265e+07,2903.2,1.7153e-10,10,1.0149e+19,0,1,2.718e+05,0,2.718e+05,0
3121,0,1.351,0,-3.3093e-11,1.7074,0,9.537e+08,-1.0981e+07,9.2635e+08,1294.8,0.6003,-0.00037843,3448,3.6975e+16,3.5e-05,0,0,-317.61,-1.3451e+07,2903.1,1.7043e-10,10,1.129e+19,0,1,2.724e+05,0,2.724e+05,0
3136.1,0,1.3682,0,-9.0807e-11,1.7121,0,9.3606e+08,-1.2108e+07,9.0777e+08,1276.7,0.57408,-0.00033623,3449.9,5.0598e+16,3.5e-05,0,0,-335.45,-1.1564e+07,2903,1.6884e-10,10,1.2499e+19,0,1,2.73e+05,0,2.73e+05,0
3151.2,0,1.3853,0,-1.4852e-10,1.7168,0,9.1843e+08,-1.3234e+07,8.892e+08,1258.6,0.54785,-0.00029403,3451.8,6.4221e+16,3.5e-05,0,0,-353.29,-9.6768e+06,2902.9,1.6725e-10,10,1.3709e+19,0,1,2.736e+05,0,2.736e+05,0
3170.9,0,1.4023,0,-8.6315e-11,1.7201,0,9.0083e+08,-1.462e+07,8.7084e+08,1239.2,0.51399,-0.00025784,3453.9,1.1267e+17,3.5e-05,0,0,-372.43,-7.5797e+06,2903,1.5754e-10,10,1.58e+19,0,1,2.742e+05,0,2.742e+05,0
3192.2,0,1.4193,0,1.5866e-11,1.723,0,8.8324e+08,-1.6091e+07,8.5255e+08,1219.3,0.47757,-0.00022367,3456.1,1.7272e+17,3.5e-05,0,0,-392,-5.4125e+06,2903.1,1.4512e-10,10,1.8184e+19,0,1,2.748e+05,0,2.748e+05,0
3213.5,0,1.4363,0,1.1805e-10,1.7258,0,8.6564e+08,-1.7563e+07,8.3426e+08,1199.5,0.44115,-0.00018949,3458.2,2.3277e+17,3.5e-05,0,0,-411.57,-3.2453e+06,2903.3,1.3269e-10,10,2.0568e+19,0,1,2.754e+05,0,2.754e+05,0
3236,0,1.4516,0,9.7987e-11,1.7256,0,8.4805e+08,-1.9221e+07,8.1592e+08,1178.8,0.40319,-0.00015995,3460.4,4.1517e+17,3.5e-05,0,0,-431.97,-1.1302e+06,2903.4,1.1623e-10,10,2.452e+19,0,1,2.76e+05,0,2.76e+05,0
3259.2,0,1.4659,0,4.5812e-12,1.7236,0,8.3046e+08,-2.0991e+07,7.9756e+08,1157.7,0.36431,-0.0001332,3462.7,6.7097e+17,3.5e-05,0,0,-452.85,9.5348e+05,2903.7,9.7331e-11,10,2.9411e+19,0,1,2.766e+05,0,2.766e+05,0
3282.5,0,1.4802,0,-8.8824e-11,1.7216,0,8.1287e+08,-2.2761e+07,7.7919e+08,1136.5,0.32542,-0.00010645,3465,9.2677e+17,3.5e-05,0,0,-473.74,3.0372e+06,2903.9,7.8437e-11,10,3.4303e+19,0,1,2.772e+05,0,2.772e+05,0
3304.8,0,1.4925,0,-1.7917e-10,1.7179,0,7.9526e+08,-2.4608e+07,7.6072e+08,1115.4,0.2887,-8.6971e-05,3467.3,1.495e+18,3.5e-05,0,0,-494.62,5.0203e+06,2904.1,6.1944e-11,10,4.2007e+19,0,1,2.778e+05,0,2.778e+05,0
3326.1,0,1.5027,0,-2.6646e-10,1.7125,0,7.7763e+08,-2.6534e+07,7.4216e+08,1094.2,0.25413,-7.4768e-05,3469.6,2.3757e+18,3.5e-05,0,0,-515.5,6.9027e+06,2904.3,4.7853e-11,10,5.2525e+19,0,1,2.784e+05,0,2.784e+05,0
3347.4,0,1.5129,0,-3.5375e-10,1.7071,0,7.5999e+08,-2.8459e+07,7.2359e+08,1073.1,0.21957,-6.2565e-05,3471.9,3.2564e+18,3.5e-05,0,0,-536.38,8.7852e+06,2904.5,3.3762e-11,10,6.3043e+19,0,1,2.79e+05,0,2.79e+05,0
3367.4,0,1.5217,0,-4.3969e-10,1.7004,0,7.4231e+08,-3.0445e+07,7.0489e+08,1052.6,0.1874,-5.5502e-05,3474.1,4.6785e+18,3.5e-05,0,0,-556.58,1.0529e+07,2904.6,2.2591e-11,10,7.9401e+19,0,1,2.796e+05,0,2.796e+05,0
3385.3,0,1.528,0,-5.2336e-10,1.6914,0,7.2455e+08,-3.2531e+07,6.8596e+08,1033.2,0.1592,-5.7007e-05,3476.1,7.003e+18,3.5e-05,0,0,-575.67,1.204e+07,2904.5,1.6286e-11,10,1.0549e+20,0,1,2.802e+05,0,2.802e+05,0
3403.1,0,1.5343,0,-6.0704e-10,1.6825,0,7.0679e+08,-3.4618e+07,6.6703e+08,1013.9,0.131,-5.8512e-05,3478.2,9.3275e+18,3.5e-05,0,0,-594.75,1.3552e+07,2904.5,9.9803e-12,10,1.3159e+20,0,1,2.808e+05,0,2.808e+05,0
3419.8,0,1.5399,0,-6.0908e-10,1.6721,0,6.8893e+08,-3.6791e+07,6.4786e+08,995.32,0.10485,-6.6557e-05,3480.2,1.2116e+19,3.5e-05,0,0,-613.03,1.4827e+07,2904.3,4.87e-12,10,1.7178e+20,0,1,2.814e+05,0,2.814e+05,0
3432.9,0,1.5431,0,-3.6622e-10,1.6576,0,6.7076e+08,-3.9225e+07,6.2798e+08,979.19,0.084874,-9.4226e-05,3481.8,1.6298e+19,3.5e-05,0,0,-628.89,1.5389e+07,2903.8,3.3443e-12,10,2.5429e+20,0,1,2.82e+05,0,2.82e+05,0
3445.9,0,1.5464,0,-1.2336e-10,1.6432,0,6.5258e+08,-4.1659e+07,6.081e+08,963.06,0.064895,-0.0001219,3483.5,2.048e+19,3.5e-05,0,0,-644.76,1.5951e+07,2903.4,1.8186e-12,10,3.368e+20,0,1,2.826e+05,0,2.826e+05,0
3458.3,0,1.5494,0,8.325e-11,1.6277,0,6.3418e+08,-4.3978e+07,5.8808e+08,947.4,0.046035,-0.00014994,3485.1,2.4708e+19,3.5e-05,0,0,-660.14,1.6366e+07,2902.8,4.6467e-13,10,4.6001e+20,0,1,2.832e+05,0,2.832e+05,0
3465.9,0,1.5507,0,3.6105e-11,1.6057,0,6.1415e+08,-4.5488e+07,5.6703e+08,935.08,0.035009,-0.00018063,3486.3,2.9254e+19,3.5e-05,0,0,-672.19,1.5755e+07,2901.8,3.1331e-13,10,8.6812e+20,0,1,2.838e+05,0,2.838e+05,0
3473.5,0,1.552,0,-1.1041e-11,1.5836,0,5.9412e+08,-4.6998e+07,5.4599e+08,922.76,0.023983,-0.00021132,3487.5,3.38e+19,3.5e-05,0,0,-684.24,1.5144e+07,2900.8,1.6195e-13,10,1.2762e+21,0,1,2.844e+05,0,2.844e+05,0
3481.1,0,1.5532,0,-5.8187e-11,1.5615,0,5.7409e+08,-4.8508e+07,5.2494e+08,910.44,0.012958,-0.00024201,3488.7,3.8346e+19,3.5e-05,0,0,-696.29,1.4533e+07,2899.8,1.0598e-14,10,1.6844e+21,0,1,2.85e+05,0,2.85e+05,0
3484.1,0,1.5535,0,-3.8598e-11,1.5212,0,5.4158e+08,-3.7435e+07,5.0371e+08,901.61,0.0091998,-0.00019238,3489.5,4.1092e+19,3.5e-05,0,0,-704.86,1.3735e+07,2898.4,7.2096e-15,10,7.4058e+21,0,1,2.856e+05,0,2.856e+05,0
3487.1,0,1.5537,0,-1.9009e-11,1.4808,0,5.0908e+08,-2.6361e+07,4.8248e+08,892.77,0.0054417,-0.00014276,3490.3,4.3838e+19,3.5e-05,0,0,-713.43,1.2936e+07,2897.1,3.8211e-15,10,1.3127e+22,0,1,2.862e+05,0,2.862e+05,0
3490.1,0,1.554,0,5.8002e-13,1.4404,0,4.7658e+08,-1.5288e+07,4.6125e+08,883.93,0.0016837,-9.3131e-05,3491.1,4.6584e+19,3.5e-05,0,0,-721.99,1.2137e+07,2895.7,4.3249e-16,10,1.8849e+22,0,1,2.868e+05,0,2.868e+05,0
nan,nan,nan,nan,nan,nan,nan,nan,nan,nan,nan,nan,nan,nan,nan,nan,nan,nan,nan,nan,nan,nan,nan,nan,nan,0,2.874e+05,0,2.874e+05,0
nan,nan,nan,nan,nan,nan,nan,nan,nan,nan,nan,nan,nan,nan,nan,nan,nan,nan,nan,nan,nan,nan,nan,nan,nan,0,2.88e+05,0,2.88e+05,0
nan,nan,nan,nan,nan,nan,nan,nan,nan,nan,nan,nan,nan,nan,nan,nan,nan,nan,nan,nan,nan,nan,nan,nan,nan,0,2.886e+05,0,2.886e+05,0
nan,nan,nan,nan,nan,nan,nan,nan,nan,nan,nan,nan,nan,nan,nan,nan,nan,nan,nan,nan,nan,nan,nan,nan,nan,0,2.892e+05,0,2.892e+05,0
nan,nan,nan,nan,nan,nan,nan,nan,nan,nan,nan,nan,nan,nan,nan,nan,nan,nan,nan,nan,nan,nan,nan,nan,nan,0,2.898e+05,0,2.898e+05,0
nan,nan,nan,nan,nan,nan,nan,nan,nan,nan,nan,nan,nan,nan,nan,nan,nan,nan,nan,nan,nan,nan,nan,nan,nan,0,2.904e+05,0,2.904e+05,0
nan,nan,nan,nan,nan,nan,nan,nan,nan,nan,nan,nan,nan,nan,nan,nan,nan,nan,nan,nan,nan,nan,nan,nan,nan,0,2.91e+05,0,2.91e+05,0
nan,nan,nan,nan,nan,nan,nan,nan,nan,nan,nan,nan,nan,nan,nan,nan,nan,nan,nan,nan,nan,nan,nan,nan,nan,0,2.916e+05,0,2.916e+05,0
nan,nan,nan,nan,nan,nan,nan,nan,nan,nan,nan,nan,nan,nan,nan,nan,nan,nan,nan,nan,nan,nan,nan,nan,nan,0,2.922e+05,0,2.922e+05,0
nan,nan,nan,nan,nan,nan,nan,nan,nan,nan,nan,nan,nan,nan,nan,nan,nan,nan,nan,nan,nan,nan,nan,nan,nan,0,2.928e+05,0,2.928e+05,0
nan,nan,nan,nan,nan,nan,nan,nan,nan,nan,nan,nan,nan,nan,nan,nan,nan,nan,nan,nan,nan,nan,nan,nan,nan,0,2.934e+05,0,2.934e+05,0
nan,nan,nan,nan,nan,nan,nan,nan,nan,nan,nan,nan,nan,nan,nan,nan,nan,nan,nan,nan,nan,nan,nan,nan,nan,0,2.94e+05,0,2.94e+05,0
nan,nan,nan,nan,nan,nan,nan,nan,nan,nan,nan,nan,nan,nan,nan,nan,nan,nan,nan,nan,nan,nan,nan,nan,nan,0,2.946e+05,0,2.946e+05,0
nan,nan,nan,nan,nan,nan,nan,nan,nan,nan,nan,nan,nan,nan,nan,nan,nan,nan,nan,nan,nan,nan,nan,nan,nan,0,2.952e+05,0,2.952e+05,0
nan,nan,nan,nan,nan,nan,nan,nan,nan,nan,nan,nan,nan,nan,nan,nan,nan,nan,nan,nan,nan,nan,nan,nan,nan,0,2.958e+05,0,2.958e+05,0
nan,nan,nan,nan,nan,nan,nan,nan,nan,nan,nan,nan,nan,nan,nan,nan,nan,nan,nan,nan,nan,nan,nan,nan,nan,0,2.964e+05,0,2.964e+05,0
nan,nan,nan,nan,nan,nan,nan,nan,nan,nan,nan,nan,nan,nan,nan,nan,nan,nan,nan,nan,nan,nan,nan,nan,nan,0,2.97e+05,0,2.97e+05,0
nan,nan,nan,nan,nan,nan,nan,nan,nan,nan,nan,nan,nan,nan,nan,nan,nan,nan,nan,nan,nan,nan,nan,nan,nan,0,2.976e+05,0,2.976e+05,0
nan,nan,nan,nan,nan,nan,nan,nan,nan,nan,nan,nan,nan,nan,nan,nan,nan,nan,nan,nan,nan,nan,nan,nan,nan,0,2.982e+05,0,2.982e+05,0
nan,nan,nan,nan,nan,nan,nan,nan,nan,nan,nan,nan,nan,nan,nan,nan,nan,nan,nan,nan,nan,nan,nan,nan,nan,0,2.988e+05,0,2.988e+05,0
nan,nan,nan,nan,nan,nan,nan,nan,nan,nan,nan,nan,nan,nan,nan,nan,nan,nan,nan,nan,nan,nan,nan,nan,nan,0,2.994e+05,0,2.994e+05,0
nan,nan,nan,nan,nan,nan,nan,nan,nan,nan,nan,nan,nan,nan,nan,nan,nan,nan,nan,nan,nan,nan,nan,nan,nan,0,3e+05,0,3e+05,0
